"Step","fast-sun-63 - loss/rmse_param_sig","fast-sun-63 - loss/rmse_param_sig__MIN","fast-sun-63 - loss/rmse_param_sig__MAX","deep-bee-62 - loss/rmse_param_sig","deep-bee-62 - loss/rmse_param_sig__MIN","deep-bee-62 - loss/rmse_param_sig__MAX","toasty-monkey-61 - loss/rmse_param_sig","toasty-monkey-61 - loss/rmse_param_sig__MIN","toasty-monkey-61 - loss/rmse_param_sig__MAX"
"0","0.408248290463863","0.408248290463863","0.408248290463863","0.408248290463863","0.408248290463863","0.408248290463863","0.408248290463863","0.408248290463863","0.408248290463863"
"1","0.42889361419214134","0.42889361419214134","0.42889361419214134","0.42058482534203867","0.42058482534203867","0.42058482534203867","0.38810442986195354","0.38810442986195354","0.38810442986195354"
"2","0.41407193029410433","0.41407193029410433","0.41407193029410433","0.4161444342116837","0.4161444342116837","0.4161444342116837","0.3703656827743036","0.3703656827743036","0.3703656827743036"
"3","0.40356604365412607","0.40356604365412607","0.40356604365412607","0.4174251349769584","0.4174251349769584","0.4174251349769584","0.35518116664044863","0.35518116664044863","0.35518116664044863"
"4","0.3942384147153279","0.3942384147153279","0.3942384147153279","0.4113851838234959","0.4113851838234959","0.4113851838234959","0.33908069731608165","0.33908069731608165","0.33908069731608165"
"5","0.38818219545137855","0.38818219545137855","0.38818219545137855","0.40430883770469717","0.40430883770469717","0.40430883770469717","0.32397725544251416","0.32397725544251416","0.32397725544251416"
"6","0.37967763204440047","0.37967763204440047","0.37967763204440047","0.39646081546988693","0.39646081546988693","0.39646081546988693","0.3091248187122386","0.3091248187122386","0.3091248187122386"
"7","0.37209727111610597","0.37209727111610597","0.37209727111610597","0.38813187160969154","0.38813187160969154","0.38813187160969154","0.29506100396137364","0.29506100396137364","0.29506100396137364"
"8","0.3626099701180402","0.3626099701180402","0.3626099701180402","0.3794229769855246","0.3794229769855246","0.3794229769855246","0.28095900297694143","0.28095900297694143","0.28095900297694143"
"9","0.3545543411214523","0.3545543411214523","0.3545543411214523","0.37390042138745255","0.37390042138745255","0.37390042138745255","0.26835787580212667","0.26835787580212667","0.26835787580212667"
"10","0.3474821375640806","0.3474821375640806","0.3474821375640806","0.3702796694956245","0.3702796694956245","0.3702796694956245","0.2574009136904505","0.2574009136904505","0.2574009136904505"
"11","0.3410233686993118","0.3410233686993118","0.3410233686993118","0.36529498206043887","0.36529498206043887","0.36529498206043887","0.24658156410493537","0.24658156410493537","0.24658156410493537"
"12","0.33481180831373725","0.33481180831373725","0.33481180831373725","0.3586875003408131","0.3586875003408131","0.3586875003408131","0.2354173706298414","0.2354173706298414","0.2354173706298414"
"13","0.32917321247277315","0.32917321247277315","0.32917321247277315","0.35327239279893113","0.35327239279893113","0.35327239279893113","0.22468160543779414","0.22468160543779414","0.22468160543779414"
"14","0.32388556679211133","0.32388556679211133","0.32388556679211133","0.34533202871982976","0.34533202871982976","0.34533202871982976","0.2137444336565321","0.2137444336565321","0.2137444336565321"
"15","0.3187704423592914","0.3187704423592914","0.3187704423592914","0.33612870924424354","0.33612870924424354","0.33612870924424354","0.2031951425393565","0.2031951425393565","0.2031951425393565"
"16","0.3139989798437087","0.3139989798437087","0.3139989798437087","0.32826262252503924","0.32826262252503924","0.32826262252503924","0.193772327373125","0.193772327373125","0.193772327373125"
"17","0.30956259409227815","0.30956259409227815","0.30956259409227815","0.32092644163239387","0.32092644163239387","0.32092644163239387","0.18588218864348208","0.18588218864348208","0.18588218864348208"
"18","0.3058292670563527","0.3058292670563527","0.3058292670563527","0.31260483656857285","0.31260483656857285","0.31260483656857285","0.17898254217254284","0.17898254217254284","0.17898254217254284"
"19","0.3017512089223235","0.3017512089223235","0.3017512089223235","0.3049906380455185","0.3049906380455185","0.3049906380455185","0.17236190748506333","0.17236190748506333","0.17236190748506333"
"20","0.29804766465875554","0.29804766465875554","0.29804766465875554","0.2990675775697014","0.2990675775697014","0.2990675775697014","0.16590693431102346","0.16590693431102346","0.16590693431102346"
"21","0.2948712749386071","0.2948712749386071","0.2948712749386071","0.2946870640463417","0.2946870640463417","0.2946870640463417","0.1596294240715367","0.1596294240715367","0.1596294240715367"
"22","0.2917270782375256","0.2917270782375256","0.2917270782375256","0.28959770584900635","0.28959770584900635","0.28959770584900635","0.15406310484339536","0.15406310484339536","0.15406310484339536"
"23","0.2892911316416737","0.2892911316416737","0.2892911316416737","0.2849001343324872","0.2849001343324872","0.2849001343324872","0.14835485797973588","0.14835485797973588","0.14835485797973588"
"24","0.28607903636079146","0.28607903636079146","0.28607903636079146","0.27905430666190484","0.27905430666190484","0.27905430666190484","0.144061041014139","0.144061041014139","0.144061041014139"
"25","0.28126097604262734","0.28126097604262734","0.28126097604262734","0.2746444201471414","0.2746444201471414","0.2746444201471414","0.13958897157489158","0.13958897157489158","0.13958897157489158"
"26","0.27678985889518964","0.27678985889518964","0.27678985889518964","0.2711206001008538","0.2711206001008538","0.2711206001008538","0.13513647848336358","0.13513647848336358","0.13513647848336358"
"27","0.27278789995960967","0.27278789995960967","0.27278789995960967","0.26577829920303664","0.26577829920303664","0.26577829920303664","0.13087844073725935","0.13087844073725935","0.13087844073725935"
"28","0.2697989938806243","0.2697989938806243","0.2697989938806243","0.260588835941237","0.260588835941237","0.260588835941237","0.12680319201047507","0.12680319201047507","0.12680319201047507"
"29","0.2671753270705414","0.2671753270705414","0.2671753270705414","0.2563801612511334","0.2563801612511334","0.2563801612511334","0.12262697791396855","0.12262697791396855","0.12262697791396855"
"30","0.2645722322627965","0.2645722322627965","0.2645722322627965","0.2498310199066649","0.2498310199066649","0.2498310199066649","0.11903462168370597","0.11903462168370597","0.11903462168370597"
"31","0.2622228136747927","0.2622228136747927","0.2622228136747927","0.2442885884740532","0.2442885884740532","0.2442885884740532","0.11579886244815722","0.11579886244815722","0.11579886244815722"
"32","0.25980412948703724","0.25980412948703724","0.25980412948703724","0.2373848127647258","0.2373848127647258","0.2373848127647258","0.11484672009954093","0.11484672009954093","0.11484672009954093"
"33","0.2579453753059521","0.2579453753059521","0.2579453753059521","0.2288929102885302","0.2288929102885302","0.2288929102885302","0.11182060233123718","0.11182060233123718","0.11182060233123718"
"34","0.2584016130997383","0.2584016130997383","0.2584016130997383","0.2200779254772889","0.2200779254772889","0.2200779254772889","0.10669161156671327","0.10669161156671327","0.10669161156671327"
"35","0.2589450748137533","0.2589450748137533","0.2589450748137533","0.21137505084489056","0.21137505084489056","0.21137505084489056","0.10178983624727332","0.10178983624727332","0.10178983624727332"
"36","0.2600141342868472","0.2600141342868472","0.2600141342868472","0.20386629163005468","0.20386629163005468","0.20386629163005468","0.09669837836190445","0.09669837836190445","0.09669837836190445"
"37","0.2612851673503344","0.2612851673503344","0.2612851673503344","0.1963598185173924","0.1963598185173924","0.1963598185173924","0.09190348387368555","0.09190348387368555","0.09190348387368555"
"38","0.2627972197419723","0.2627972197419723","0.2627972197419723","0.18772615533965314","0.18772615533965314","0.18772615533965314","0.08453040412967851","0.08453040412967851","0.08453040412967851"
"39","0.264195201193246","0.264195201193246","0.264195201193246","0.17941974170037622","0.17941974170037622","0.17941974170037622","0.07718616820575351","0.07718616820575351","0.07718616820575351"
"40","0.2664476200106477","0.2664476200106477","0.2664476200106477","0.1722647140115002","0.1722647140115002","0.1722647140115002","0.07030075873871627","0.07030075873871627","0.07030075873871627"
"41","0.2693862071901976","0.2693862071901976","0.2693862071901976","0.16463560123697402","0.16463560123697402","0.16463560123697402","0.061448616666398746","0.061448616666398746","0.061448616666398746"
"42","0.2724827194918865","0.2724827194918865","0.2724827194918865","0.15690218390977614","0.15690218390977614","0.15690218390977614","0.05417038127666713","0.05417038127666713","0.05417038127666713"
"43","0.27563082821554","0.27563082821554","0.27563082821554","0.14893372389355905","0.14893372389355905","0.14893372389355905","0.048069923128675876","0.048069923128675876","0.048069923128675876"
"44","0.28531990013602015","0.28531990013602015","0.28531990013602015","0.14786063677376945","0.14786063677376945","0.14786063677376945","0.03899177637876383","0.03899177637876383","0.03899177637876383"
"45","0.29430115465565737","0.29430115465565737","0.29430115465565737","0.14638947218615572","0.14638947218615572","0.14638947218615572","0.03236510210060512","0.03236510210060512","0.03236510210060512"
"46","0.30330510326314886","0.30330510326314886","0.30330510326314886","0.1457127222085441","0.1457127222085441","0.1457127222085441","0.027614497777551747","0.027614497777551747","0.027614497777551747"
"47","0.31129730062055816","0.31129730062055816","0.31129730062055816","0.1447767507165828","0.1447767507165828","0.1447767507165828","0.026034396789254562","0.026034396789254562","0.026034396789254562"
"48","0.3187297104506642","0.3187297104506642","0.3187297104506642","0.14444499358728755","0.14444499358728755","0.14444499358728755","0.02669206525602072","0.02669206525602072","0.02669206525602072"
"49","0.32613406039521264","0.32613406039521264","0.32613406039521264","0.1448802411647537","0.1448802411647537","0.1448802411647537","0.027640725138532742","0.027640725138532742","0.027640725138532742"
"50","0.33404938205317247","0.33404938205317247","0.33404938205317247","0.14376678271044865","0.14376678271044865","0.14376678271044865","0.02863377753607657","0.02863377753607657","0.02863377753607657"
"51","0.3414151729796808","0.3414151729796808","0.3414151729796808","0.1431383708089386","0.1431383708089386","0.1431383708089386","0.02881080921371938","0.02881080921371938","0.02881080921371938"
"52","0.34456585572176396","0.34456585572176396","0.34456585572176396","0.14248119215735658","0.14248119215735658","0.14248119215735658","0.027303592536877697","0.027303592536877697","0.027303592536877697"
"53","0.34651184448304195","0.34651184448304195","0.34651184448304195","0.1423905392215589","0.1423905392215589","0.1423905392215589","0.025536741549241966","0.025536741549241966","0.025536741549241966"
"54","0.3475462576452165","0.3475462576452165","0.3475462576452165","0.14202774872070453","0.14202774872070453","0.14202774872070453","0.022570849622715505","0.022570849622715505","0.022570849622715505"
"55","0.3484253271402789","0.3484253271402789","0.3484253271402789","0.1418999972388623","0.1418999972388623","0.1418999972388623","0.02009945111796145","0.02009945111796145","0.02009945111796145"
"56","0.34913686183691295","0.34913686183691295","0.34913686183691295","0.14247703471588988","0.14247703471588988","0.14247703471588988","0.016392069988916083","0.016392069988916083","0.016392069988916083"
"57","0.349189067189444","0.349189067189444","0.349189067189444","0.14212288616999316","0.14212288616999316","0.14212288616999316","0.012038060540658759","0.012038060540658759","0.012038060540658759"
"58","0.34907091328832635","0.34907091328832635","0.34907091328832635","0.14220161972520903","0.14220161972520903","0.14220161972520903","0.00742422434654547","0.00742422434654547","0.00742422434654547"
"59","0.3489419927668953","0.3489419927668953","0.3489419927668953","0.14278435035356044","0.14278435035356044","0.14278435035356044","0.006349476889922776","0.006349476889922776","0.006349476889922776"
"60","0.34892488338496097","0.34892488338496097","0.34892488338496097","0.14421286559171553","0.14421286559171553","0.14421286559171553","0.009505578964284509","0.009505578964284509","0.009505578964284509"
"61","0.34927328415711156","0.34927328415711156","0.34927328415711156","0.14653771936609136","0.14653771936609136","0.14653771936609136","0.014399716293685097","0.014399716293685097","0.014399716293685097"
"62","0.34846904095017744","0.34846904095017744","0.34846904095017744","0.14793130821965245","0.14793130821965245","0.14793130821965245","0.022099428424536605","0.022099428424536605","0.022099428424536605"
"63","0.3477381799883977","0.3477381799883977","0.3477381799883977","0.14849660270701528","0.14849660270701528","0.14849660270701528","0.03038362244676823","0.03038362244676823","0.03038362244676823"
"64","0.347422588225743","0.347422588225743","0.347422588225743","0.1495292461052846","0.1495292461052846","0.1495292461052846","0.03825456443807997","0.03825456443807997","0.03825456443807997"
"65","0.3462180683078738","0.3462180683078738","0.3462180683078738","0.14941678694984997","0.14941678694984997","0.14941678694984997","0.04354182589047001","0.04354182589047001","0.04354182589047001"
"66","0.3448917585983105","0.3448917585983105","0.3448917585983105","0.14872114609451445","0.14872114609451445","0.14872114609451445","0.04974006298881217","0.04974006298881217","0.04974006298881217"
"67","0.3432800389625764","0.3432800389625764","0.3432800389625764","0.14720862578027896","0.14720862578027896","0.14720862578027896","0.05576738543139501","0.05576738543139501","0.05576738543139501"
"68","0.3421505446332685","0.3421505446332685","0.3421505446332685","0.1454050542107658","0.1454050542107658","0.1454050542107658","0.060491532120912704","0.060491532120912704","0.060491532120912704"
"69","0.3406812533080751","0.3406812533080751","0.3406812533080751","0.1444418743933478","0.1444418743933478","0.1444418743933478","0.0637908629395067","0.0637908629395067","0.0637908629395067"
"70","0.3410070538477525","0.3410070538477525","0.3410070538477525","0.14449370228154007","0.14449370228154007","0.14449370228154007","0.0642783273693156","0.0642783273693156","0.0642783273693156"
"71","0.341196682072796","0.341196682072796","0.341196682072796","0.14226560828408444","0.14226560828408444","0.14226560828408444","0.06488218153126576","0.06488218153126576","0.06488218153126576"
"72","0.34080535544336515","0.34080535544336515","0.34080535544336515","0.14018320733823578","0.14018320733823578","0.14018320733823578","0.0652624193239974","0.0652624193239974","0.0652624193239974"
"73","0.34079716901004187","0.34079716901004187","0.34079716901004187","0.13884790955118015","0.13884790955118015","0.13884790955118015","0.0654641085091542","0.0654641085091542","0.0654641085091542"
"74","0.3398590512503616","0.3398590512503616","0.3398590512503616","0.13836047291132","0.13836047291132","0.13836047291132","0.06615328099393236","0.06615328099393236","0.06615328099393236"
"75","0.3380125360275211","0.3380125360275211","0.3380125360275211","0.13915065672972177","0.13915065672972177","0.13915065672972177","0.06684644544872545","0.06684644544872545","0.06684644544872545"
"76","0.3364001516573908","0.3364001516573908","0.3364001516573908","0.1412078081424426","0.1412078081424426","0.1412078081424426","0.06702241612854497","0.06702241612854497","0.06702241612854497"
"77","0.33394396639741647","0.33394396639741647","0.33394396639741647","0.14188403196357072","0.14188403196357072","0.14188403196357072","0.06667162238710704","0.06667162238710704","0.06667162238710704"
"78","0.33265448730705405","0.33265448730705405","0.33265448730705405","0.1438469143974648","0.1438469143974648","0.1438469143974648","0.06506641663780276","0.06506641663780276","0.06506641663780276"
"79","0.33166294835334253","0.33166294835334253","0.33166294835334253","0.14532155536329647","0.14532155536329647","0.14532155536329647","0.0631439190236176","0.0631439190236176","0.0631439190236176"
"80","0.3333246479485841","0.3333246479485841","0.3333246479485841","0.14705007453933389","0.14705007453933389","0.14705007453933389","0.06099141392833735","0.06099141392833735","0.06099141392833735"
"81","0.33367747956366567","0.33367747956366567","0.33367747956366567","0.14664396369513302","0.14664396369513302","0.14664396369513302","0.05909640500327166","0.05909640500327166","0.05909640500327166"
"82","0.3343388819627203","0.3343388819627203","0.3343388819627203","0.14664628148332493","0.14664628148332493","0.14664628148332493","0.05701208511702074","0.05701208511702074","0.05701208511702074"
"83","0.33462086613633113","0.33462086613633113","0.33462086613633113","0.14597801076252534","0.14597801076252534","0.14597801076252534","0.055376428166205936","0.055376428166205936","0.055376428166205936"
"84","0.3350146219919451","0.3350146219919451","0.3350146219919451","0.14526290580431991","0.14526290580431991","0.14526290580431991","0.05437057932578774","0.05437057932578774","0.05437057932578774"
"85","0.33574258657912476","0.33574258657912476","0.33574258657912476","0.14404367732828385","0.14404367732828385","0.14404367732828385","0.05356134870445315","0.05356134870445315","0.05356134870445315"
"86","0.3370993730193091","0.3370993730193091","0.3370993730193091","0.14324220949819724","0.14324220949819724","0.14324220949819724","0.05313566074766745","0.05313566074766745","0.05313566074766745"
"87","0.338829731457793","0.338829731457793","0.338829731457793","0.14299484495089732","0.14299484495089732","0.14299484495089732","0.052402865268749634","0.052402865268749634","0.052402865268749634"
"88","0.3412316314992068","0.3412316314992068","0.3412316314992068","0.14252510042927036","0.14252510042927036","0.14252510042927036","0.05091678629802322","0.05091678629802322","0.05091678629802322"
"89","0.3444207490722334","0.3444207490722334","0.3444207490722334","0.14200221461869597","0.14200221461869597","0.14200221461869597","0.04920971981146014","0.04920971981146014","0.04920971981146014"
"90","0.34714484216898783","0.34714484216898783","0.34714484216898783","0.1410959155387154","0.1410959155387154","0.1410959155387154","0.04793414763432189","0.04793414763432189","0.04793414763432189"
"91","0.35047387853270145","0.35047387853270145","0.35047387853270145","0.14072800874261593","0.14072800874261593","0.14072800874261593","0.04663921599757307","0.04663921599757307","0.04663921599757307"
"92","0.3538686979827444","0.3538686979827444","0.3538686979827444","0.14100185822332587","0.14100185822332587","0.14100185822332587","0.04504454427724503","0.04504454427724503","0.04504454427724503"
"93","0.3573209041363275","0.3573209041363275","0.3573209041363275","0.1406901439730482","0.1406901439730482","0.1406901439730482","0.043878815278149734","0.043878815278149734","0.043878815278149734"
"94","0.3597171010503722","0.3597171010503722","0.3597171010503722","0.1405700837293159","0.1405700837293159","0.1405700837293159","0.04327321028732804","0.04327321028732804","0.04327321028732804"
"95","0.3607256728818173","0.3607256728818173","0.3607256728818173","0.14007196480085143","0.14007196480085143","0.14007196480085143","0.04330189725858893","0.04330189725858893","0.04330189725858893"
"96","0.3611619771496698","0.3611619771496698","0.3611619771496698","0.14044386004136059","0.14044386004136059","0.14044386004136059","0.042128284563541736","0.042128284563541736","0.042128284563541736"
"97","0.36102772522684046","0.36102772522684046","0.36102772522684046","0.14064161545184894","0.14064161545184894","0.14064161545184894","0.04118342811738747","0.04118342811738747","0.04118342811738747"
"98","0.3590331257253734","0.3590331257253734","0.3590331257253734","0.14070154298782445","0.14070154298782445","0.14070154298782445","0.041071633684032466","0.041071633684032466","0.041071633684032466"
"99","0.3568530650045015","0.3568530650045015","0.3568530650045015","0.14029822741666081","0.14029822741666081","0.14029822741666081","0.0409712855835706","0.0409712855835706","0.0409712855835706"
"100","0.35463369783043514","0.35463369783043514","0.35463369783043514","0.1410294354812956","0.1410294354812956","0.1410294354812956","0.04074186425392548","0.04074186425392548","0.04074186425392548"
"101","0.35342082293494587","0.35342082293494587","0.35342082293494587","0.1414314056280168","0.1414314056280168","0.1414314056280168","0.040694266100348105","0.040694266100348105","0.040694266100348105"
"102","0.3521016127450462","0.3521016127450462","0.3521016127450462","0.14120025768630592","0.14120025768630592","0.14120025768630592","0.04251872706020526","0.04251872706020526","0.04251872706020526"
"103","0.3507873953693309","0.3507873953693309","0.3507873953693309","0.14128436995338745","0.14128436995338745","0.14128436995338745","0.042766520140607306","0.042766520140607306","0.042766520140607306"
"104","0.3494379576207653","0.3494379576207653","0.3494379576207653","0.14133286418210328","0.14133286418210328","0.14133286418210328","0.043460840974244214","0.043460840974244214","0.043460840974244214"
"105","0.3486685313260143","0.3486685313260143","0.3486685313260143","0.14103049526791017","0.14103049526791017","0.14103049526791017","0.04413056354748721","0.04413056354748721","0.04413056354748721"
"106","0.34737663089794213","0.34737663089794213","0.34737663089794213","0.13989275410562754","0.13989275410562754","0.13989275410562754","0.04483031761578759","0.04483031761578759","0.04483031761578759"
"107","0.3472315562433535","0.3472315562433535","0.3472315562433535","0.13829206184574813","0.13829206184574813","0.13829206184574813","0.04552116672845964","0.04552116672845964","0.04552116672845964"
"108","0.34843431499783584","0.34843431499783584","0.34843431499783584","0.13868129283198063","0.13868129283198063","0.13868129283198063","0.045645815000874085","0.045645815000874085","0.045645815000874085"
"109","0.34975857445311825","0.34975857445311825","0.34975857445311825","0.13904518069562555","0.13904518069562555","0.13904518069562555","0.045919544219194676","0.045919544219194676","0.045919544219194676"
"110","0.3520552666970501","0.3520552666970501","0.3520552666970501","0.13955983851359002","0.13955983851359002","0.13955983851359002","0.0466908077077916","0.0466908077077916","0.0466908077077916"
"111","0.3539334169213869","0.3539334169213869","0.3539334169213869","0.13935859087423488","0.13935859087423488","0.13935859087423488","0.04765742140800855","0.04765742140800855","0.04765742140800855"
"112","0.3554142155246978","0.3554142155246978","0.3554142155246978","0.13908691737539863","0.13908691737539863","0.13908691737539863","0.04885855297374164","0.04885855297374164","0.04885855297374164"
"113","0.3577652500245652","0.3577652500245652","0.3577652500245652","0.13887551240981505","0.13887551240981505","0.13887551240981505","0.04993909093525782","0.04993909093525782","0.04993909093525782"
"114","0.3584577125791476","0.3584577125791476","0.3584577125791476","0.13958064817455082","0.13958064817455082","0.13958064817455082","0.05073452293104644","0.05073452293104644","0.05073452293104644"
"115","0.3591463400987481","0.3591463400987481","0.3591463400987481","0.13989667485952098","0.13989667485952098","0.13989667485952098","0.05127101840355096","0.05127101840355096","0.05127101840355096"
"116","0.35812739063734567","0.35812739063734567","0.35812739063734567","0.13935369150491647","0.13935369150491647","0.13935369150491647","0.05261471313810659","0.05261471313810659","0.05261471313810659"
"117","0.35688771665483426","0.35688771665483426","0.35688771665483426","0.13858430539603223","0.13858430539603223","0.13858430539603223","0.05348761584809095","0.05348761584809095","0.05348761584809095"
"118","0.3540468161201824","0.3540468161201824","0.3540468161201824","0.13794944610265655","0.13794944610265655","0.13794944610265655","0.05521106314662862","0.05521106314662862","0.05521106314662862"
"119","0.35152721748397","0.35152721748397","0.35152721748397","0.13751147581594997","0.13751147581594997","0.13751147581594997","0.0571677423778283","0.0571677423778283","0.0571677423778283"
"120","0.3492426631045197","0.3492426631045197","0.3492426631045197","0.13722257826383003","0.13722257826383003","0.13722257826383003","0.0590267741524939","0.0590267741524939","0.0590267741524939"
"121","0.34482318853927846","0.34482318853927846","0.34482318853927846","0.13700283442642164","0.13700283442642164","0.13700283442642164","0.06125034656360737","0.06125034656360737","0.06125034656360737"
"122","0.3393402400670657","0.3393402400670657","0.3393402400670657","0.13607760177717063","0.13607760177717063","0.13607760177717063","0.06257139832504259","0.06257139832504259","0.06257139832504259"
"123","0.33477770209716223","0.33477770209716223","0.33477770209716223","0.135742944705183","0.135742944705183","0.135742944705183","0.06596959768029272","0.06596959768029272","0.06596959768029272"
"124","0.33305826503434405","0.33305826503434405","0.33305826503434405","0.13655523039537357","0.13655523039537357","0.13655523039537357","0.06706781610673615","0.06706781610673615","0.06706781610673615"
"125","0.33156726205938675","0.33156726205938675","0.33156726205938675","0.1374388647793268","0.1374388647793268","0.1374388647793268","0.06838143185512975","0.06838143185512975","0.06838143185512975"
"126","0.3308082193097974","0.3308082193097974","0.3308082193097974","0.13797280443552734","0.13797280443552734","0.13797280443552734","0.07003751497978646","0.07003751497978646","0.07003751497978646"
"127","0.3289412411418553","0.3289412411418553","0.3289412411418553","0.1382607383689767","0.1382607383689767","0.1382607383689767","0.07119548995110915","0.07119548995110915","0.07119548995110915"
"128","0.3282344610390046","0.3282344610390046","0.3282344610390046","0.139168663304174","0.139168663304174","0.139168663304174","0.07191188005912989","0.07191188005912989","0.07191188005912989"
"129","0.3271781010908049","0.3271781010908049","0.3271781010908049","0.13994069252734084","0.13994069252734084","0.13994069252734084","0.07271853493958817","0.07271853493958817","0.07271853493958817"
"130","0.3255643198777482","0.3255643198777482","0.3255643198777482","0.14045289695218596","0.14045289695218596","0.14045289695218596","0.07391138117857642","0.07391138117857642","0.07391138117857642"
"131","0.32440894821931465","0.32440894821931465","0.32440894821931465","0.1410989859595224","0.1410989859595224","0.1410989859595224","0.07606861259563942","0.07606861259563942","0.07606861259563942"
"132","0.3255258711914372","0.3255258711914372","0.3255258711914372","0.14099340236101643","0.14099340236101643","0.14099340236101643","0.07767979313202043","0.07767979313202043","0.07767979313202043"
"133","0.32615611586618604","0.32615611586618604","0.32615611586618604","0.14051712419127127","0.14051712419127127","0.14051712419127127","0.07841956806607882","0.07841956806607882","0.07841956806607882"
"134","0.32813202766472593","0.32813202766472593","0.32813202766472593","0.13964847874168307","0.13964847874168307","0.13964847874168307","0.07907858173658348","0.07907858173658348","0.07907858173658348"
"135","0.3299296457248784","0.3299296457248784","0.3299296457248784","0.13915832045588378","0.13915832045588378","0.13915832045588378","0.07968722177576656","0.07968722177576656","0.07968722177576656"
"136","0.3304725476740981","0.3304725476740981","0.3304725476740981","0.1386530779345546","0.1386530779345546","0.1386530779345546","0.0802863141951358","0.0802863141951358","0.0802863141951358"
"137","0.3317423529608783","0.3317423529608783","0.3317423529608783","0.1383568908372456","0.1383568908372456","0.1383568908372456","0.08016008626086119","0.08016008626086119","0.08016008626086119"
"138","0.3329435339719644","0.3329435339719644","0.3329435339719644","0.13714290956188574","0.13714290956188574","0.13714290956188574","0.07920922201950681","0.07920922201950681","0.07920922201950681"
"139","0.3361741612429095","0.3361741612429095","0.3361741612429095","0.1375707815450176","0.1375707815450176","0.1375707815450176","0.07865501246278409","0.07865501246278409","0.07865501246278409"
"140","0.3383759719540641","0.3383759719540641","0.3383759719540641","0.13779250664646625","0.13779250664646625","0.13779250664646625","0.07795468078304457","0.07795468078304457","0.07795468078304457"
"141","0.34257473525387694","0.34257473525387694","0.34257473525387694","0.13896910348920796","0.13896910348920796","0.13896910348920796","0.07713034089244959","0.07713034089244959","0.07713034089244959"
"142","0.34589634834628563","0.34589634834628563","0.34589634834628563","0.13993126715136256","0.13993126715136256","0.13993126715136256","0.07618536360036449","0.07618536360036449","0.07618536360036449"
"143","0.347648823231186","0.347648823231186","0.347648823231186","0.14058196515415702","0.14058196515415702","0.14058196515415702","0.0752597526623065","0.0752597526623065","0.0752597526623065"
"144","0.34983511234445963","0.34983511234445963","0.34983511234445963","0.14142878681735174","0.14142878681735174","0.14142878681735174","0.0751852546477328","0.0751852546477328","0.0751852546477328"
"145","0.35155674793315245","0.35155674793315245","0.35155674793315245","0.14202513023125668","0.14202513023125668","0.14202513023125668","0.07446488015361453","0.07446488015361453","0.07446488015361453"
"146","0.35281086895100655","0.35281086895100655","0.35281086895100655","0.14276645301066476","0.14276645301066476","0.14276645301066476","0.07422947665917953","0.07422947665917953","0.07422947665917953"
"147","0.35387957423447963","0.35387957423447963","0.35387957423447963","0.14365000305575779","0.14365000305575779","0.14365000305575779","0.0749841700285443","0.0749841700285443","0.0749841700285443"
"148","0.35623559386806536","0.35623559386806536","0.35623559386806536","0.14408197961164923","0.14408197961164923","0.14408197961164923","0.07437351601430493","0.07437351601430493","0.07437351601430493"
"149","0.3581818382679319","0.3581818382679319","0.3581818382679319","0.14463417886791424","0.14463417886791424","0.14463417886791424","0.07464362475546849","0.07464362475546849","0.07464362475546849"
"150","0.3599973859238538","0.3599973859238538","0.3599973859238538","0.14546399406772756","0.14546399406772756","0.14546399406772756","0.07475260420613858","0.07475260420613858","0.07475260420613858"
"151","0.36229589882165225","0.36229589882165225","0.36229589882165225","0.14526370732475738","0.14526370732475738","0.14526370732475738","0.07350717999696064","0.07350717999696064","0.07350717999696064"
"152","0.36378001776136587","0.36378001776136587","0.36378001776136587","0.1446418225189042","0.1446418225189042","0.1446418225189042","0.07260520308135979","0.07260520308135979","0.07260520308135979"
"153","0.36606296285110923","0.36606296285110923","0.36606296285110923","0.14398785669696107","0.14398785669696107","0.14398785669696107","0.0721824100991901","0.0721824100991901","0.0721824100991901"
"154","0.36794184994299256","0.36794184994299256","0.36794184994299256","0.14326013368220045","0.14326013368220045","0.14326013368220045","0.07178005703507875","0.07178005703507875","0.07178005703507875"
"155","0.3678531597503806","0.3678531597503806","0.3678531597503806","0.14310953623640896","0.14310953623640896","0.14310953623640896","0.0690400195922516","0.0690400195922516","0.0690400195922516"
"156","0.36891570791810385","0.36891570791810385","0.36891570791810385","0.14251353349795934","0.14251353349795934","0.14251353349795934","0.06638997867133593","0.06638997867133593","0.06638997867133593"
"157","0.3685009809557441","0.3685009809557441","0.3685009809557441","0.14127430650989345","0.14127430650989345","0.14127430650989345","0.06402488684390656","0.06402488684390656","0.06402488684390656"
"158","0.3672341186928064","0.3672341186928064","0.3672341186928064","0.13961673341463104","0.13961673341463104","0.13961673341463104","0.061632399059456354","0.061632399059456354","0.061632399059456354"
"159","0.3664531750352482","0.3664531750352482","0.3664531750352482","0.1377393356766118","0.1377393356766118","0.1377393356766118","0.05912071655780475","0.05912071655780475","0.05912071655780475"
"160","0.36374307539182893","0.36374307539182893","0.36374307539182893","0.1359780743060799","0.1359780743060799","0.1359780743060799","0.057367233801054525","0.057367233801054525","0.057367233801054525"
"161","0.36278049949449576","0.36278049949449576","0.36278049949449576","0.13729582935360474","0.13729582935360474","0.13729582935360474","0.05481025355881827","0.05481025355881827","0.05481025355881827"
"162","0.36498214123641837","0.36498214123641837","0.36498214123641837","0.1384367473538774","0.1384367473538774","0.1384367473538774","0.052850144626523834","0.052850144626523834","0.052850144626523834"
"163","0.36739587324004586","0.36739587324004586","0.36739587324004586","0.13862482842833207","0.13862482842833207","0.13862482842833207","0.05092651307466195","0.05092651307466195","0.05092651307466195"
"164","0.3694946036219826","0.3694946036219826","0.3694946036219826","0.138912498295318","0.138912498295318","0.138912498295318","0.05021171419861426","0.05021171419861426","0.05021171419861426"
"165","0.37036623928213247","0.37036623928213247","0.37036623928213247","0.13821535615437552","0.13821535615437552","0.13821535615437552","0.04985740941616076","0.04985740941616076","0.04985740941616076"
"166","0.3684743042248089","0.3684743042248089","0.3684743042248089","0.13710392786150172","0.13710392786150172","0.13710392786150172","0.0493259339392164","0.0493259339392164","0.0493259339392164"
"167","0.36641912877805205","0.36641912877805205","0.36641912877805205","0.1365816057052146","0.1365816057052146","0.1365816057052146","0.049219952077690865","0.049219952077690865","0.049219952077690865"
"168","0.36423850968548604","0.36423850968548604","0.36423850968548604","0.1356729189468225","0.1356729189468225","0.1356729189468225","0.04823233747114731","0.04823233747114731","0.04823233747114731"
"169","0.36929394360751366","0.36929394360751366","0.36929394360751366","0.13505105454502989","0.13505105454502989","0.13505105454502989","0.04782445872989217","0.04782445872989217","0.04782445872989217"
"170","0.3775102104283104","0.3775102104283104","0.3775102104283104","0.1340016899264954","0.1340016899264954","0.1340016899264954","0.04638610647858092","0.04638610647858092","0.04638610647858092"
"171","0.38304225500760375","0.38304225500760375","0.38304225500760375","0.13347781464307532","0.13347781464307532","0.13347781464307532","0.04595206993412928","0.04595206993412928","0.04595206993412928"
"172","0.3870439883253938","0.3870439883253938","0.3870439883253938","0.13365782976709564","0.13365782976709564","0.13365782976709564","0.04653053687801872","0.04653053687801872","0.04653053687801872"
"173","0.39100544359464884","0.39100544359464884","0.39100544359464884","0.13389834115031612","0.13389834115031612","0.13389834115031612","0.04695432521060492","0.04695432521060492","0.04695432521060492"
"174","0.39289264418158326","0.39289264418158326","0.39289264418158326","0.13402472002928867","0.13402472002928867","0.13402472002928867","0.04693940110228563","0.04693940110228563","0.04693940110228563"
"175","0.3934241542964157","0.3934241542964157","0.3934241542964157","0.13351250551651536","0.13351250551651536","0.13351250551651536","0.045856785601516376","0.045856785601516376","0.045856785601516376"
"176","0.3944521087957836","0.3944521087957836","0.3944521087957836","0.13292552308119024","0.13292552308119024","0.13292552308119024","0.04570508021763406","0.04570508021763406","0.04570508021763406"
"177","0.39367520980795445","0.39367520980795445","0.39367520980795445","0.13190850419166367","0.13190850419166367","0.13190850419166367","0.045933230630215725","0.045933230630215725","0.045933230630215725"
"178","0.39278800583516166","0.39278800583516166","0.39278800583516166","0.13040768909585373","0.13040768909585373","0.13040768909585373","0.0461491739260661","0.0461491739260661","0.0461491739260661"
"179","0.3920399251739718","0.3920399251739718","0.3920399251739718","0.12869549362160054","0.12869549362160054","0.12869549362160054","0.046871705412341216","0.046871705412341216","0.046871705412341216"
"180","0.39136296938615756","0.39136296938615756","0.39136296938615756","0.12670211693034586","0.12670211693034586","0.12670211693034586","0.04709669536648812","0.04709669536648812","0.04709669536648812"
"181","0.3891857692117769","0.3891857692117769","0.3891857692117769","0.12667274085829716","0.12667274085829716","0.12667274085829716","0.0458465050708204","0.0458465050708204","0.0458465050708204"
"182","0.38730572844951744","0.38730572844951744","0.38730572844951744","0.12639624821481518","0.12639624821481518","0.12639624821481518","0.04541503323549124","0.04541503323549124","0.04541503323549124"
"183","0.38148575235945925","0.38148575235945925","0.38148575235945925","0.12672478138607668","0.12672478138607668","0.12672478138607668","0.04472572158573107","0.04472572158573107","0.04472572158573107"
"184","0.37678594128739445","0.37678594128739445","0.37678594128739445","0.1273354217308179","0.1273354217308179","0.1273354217308179","0.04321026380943076","0.04321026380943076","0.04321026380943076"
"185","0.37264453475685383","0.37264453475685383","0.37264453475685383","0.1279897539014573","0.1279897539014573","0.1279897539014573","0.042406976106025805","0.042406976106025805","0.042406976106025805"
"186","0.36812479604346887","0.36812479604346887","0.36812479604346887","0.13006830892238555","0.13006830892238555","0.13006830892238555","0.04199122131327449","0.04199122131327449","0.04199122131327449"
"187","0.36376434461393603","0.36376434461393603","0.36376434461393603","0.1320275664812005","0.1320275664812005","0.1320275664812005","0.04189434320427836","0.04189434320427836","0.04189434320427836"
"188","0.36166495006843535","0.36166495006843535","0.36166495006843535","0.13373718528678954","0.13373718528678954","0.13373718528678954","0.041479017281022525","0.041479017281022525","0.041479017281022525"
"189","0.35866407716063536","0.35866407716063536","0.35866407716063536","0.1347543972217354","0.1347543972217354","0.1347543972217354","0.04147752060423697","0.04147752060423697","0.04147752060423697"
"190","0.3550008593347303","0.3550008593347303","0.3550008593347303","0.13512143624337358","0.13512143624337358","0.13512143624337358","0.04165346205547733","0.04165346205547733","0.04165346205547733"
"191","0.35221939728548946","0.35221939728548946","0.35221939728548946","0.1360739959356104","0.1360739959356104","0.1360739959356104","0.04256141976649836","0.04256141976649836","0.04256141976649836"
"192","0.349355876929956","0.349355876929956","0.349355876929956","0.13724282717664152","0.13724282717664152","0.13724282717664152","0.04366524141748931","0.04366524141748931","0.04366524141748931"
"193","0.34624426422917914","0.34624426422917914","0.34624426422917914","0.1381427863897893","0.1381427863897893","0.1381427863897893","0.045023668114409734","0.045023668114409734","0.045023668114409734"
"194","0.34340676232387257","0.34340676232387257","0.34340676232387257","0.13909999203760273","0.13909999203760273","0.13909999203760273","0.04683095385107711","0.04683095385107711","0.04683095385107711"
"195","0.3412959636502029","0.3412959636502029","0.3412959636502029","0.14045164131166166","0.14045164131166166","0.14045164131166166","0.04842022527382375","0.04842022527382375","0.04842022527382375"
"196","0.3393575163250471","0.3393575163250471","0.3393575163250471","0.1410367207291427","0.1410367207291427","0.1410367207291427","0.04944457722726826","0.04944457722726826","0.04944457722726826"
"197","0.33935441667775207","0.33935441667775207","0.33935441667775207","0.1426216611828","0.1426216611828","0.1426216611828","0.04923762221462522","0.04923762221462522","0.04923762221462522"
"198","0.339244830056546","0.339244830056546","0.339244830056546","0.14346380821297838","0.14346380821297838","0.14346380821297838","0.04880949279976609","0.04880949279976609","0.04880949279976609"
"199","0.33842324305902677","0.33842324305902677","0.33842324305902677","0.1434238256925998","0.1434238256925998","0.1434238256925998","0.04885338474129152","0.04885338474129152","0.04885338474129152"
"200","0.3399383757292161","0.3399383757292161","0.3399383757292161","0.1433785856915923","0.1433785856915923","0.1433785856915923","0.047733596917579314","0.047733596917579314","0.047733596917579314"
"201","0.34277902671115484","0.34277902671115484","0.34277902671115484","0.1452139808167848","0.1452139808167848","0.1452139808167848","0.047314418582546064","0.047314418582546064","0.047314418582546064"
"202","0.34536386797711865","0.34536386797711865","0.34536386797711865","0.14654885981995425","0.14654885981995425","0.14654885981995425","0.04824788877528896","0.04824788877528896","0.04824788877528896"
"203","0.3486014095750264","0.3486014095750264","0.3486014095750264","0.1476957985178496","0.1476957985178496","0.1476957985178496","0.04938568031708288","0.04938568031708288","0.04938568031708288"
"204","0.3515554086541257","0.3515554086541257","0.3515554086541257","0.14903530030855475","0.14903530030855475","0.14903530030855475","0.051265891299847426","0.051265891299847426","0.051265891299847426"
"205","0.3541983425602704","0.3541983425602704","0.3541983425602704","0.15028286738794688","0.15028286738794688","0.15028286738794688","0.05427434406706761","0.05427434406706761","0.05427434406706761"
"206","0.3565540948585894","0.3565540948585894","0.3565540948585894","0.15134519466027146","0.15134519466027146","0.15134519466027146","0.05775835046034148","0.05775835046034148","0.05775835046034148"
"207","0.3583164911861882","0.3583164911861882","0.3583164911861882","0.15232063060830825","0.15232063060830825","0.15232063060830825","0.06128378797731655","0.06128378797731655","0.06128378797731655"
"208","0.3598111988011712","0.3598111988011712","0.3598111988011712","0.15286960127282953","0.15286960127282953","0.15286960127282953","0.06451926638119311","0.06451926638119311","0.06451926638119311"
"209","0.36084667438169177","0.36084667438169177","0.36084667438169177","0.15238116583157568","0.15238116583157568","0.15238116583157568","0.06654053426606608","0.06654053426606608","0.06654053426606608"
"210","0.3606085772647914","0.3606085772647914","0.3606085772647914","0.15302891547995523","0.15302891547995523","0.15302891547995523","0.06796524215820687","0.06796524215820687","0.06796524215820687"
"211","0.3596778184602495","0.3596778184602495","0.3596778184602495","0.15264501196474406","0.15264501196474406","0.15264501196474406","0.06792609158052874","0.06792609158052874","0.06792609158052874"
"212","0.35878323064709067","0.35878323064709067","0.35878323064709067","0.15134567397478071","0.15134567397478071","0.15134567397478071","0.06760964097984977","0.06760964097984977","0.06760964097984977"
"213","0.3581898138169199","0.3581898138169199","0.3581898138169199","0.15018190900898423","0.15018190900898423","0.15018190900898423","0.06753386567696092","0.06753386567696092","0.06753386567696092"
"214","0.35862180663344534","0.35862180663344534","0.35862180663344534","0.14899330296201424","0.14899330296201424","0.14899330296201424","0.06852241859548486","0.06852241859548486","0.06852241859548486"
"215","0.35844140363476573","0.35844140363476573","0.35844140363476573","0.14799208861764032","0.14799208861764032","0.14799208861764032","0.06983612807234035","0.06983612807234035","0.06983612807234035"
"216","0.35691833888932795","0.35691833888932795","0.35691833888932795","0.14622662949649284","0.14622662949649284","0.14622662949649284","0.07142760286416522","0.07142760286416522","0.07142760286416522"
"217","0.35885174071860737","0.35885174071860737","0.35885174071860737","0.1461121989297429","0.1461121989297429","0.1461121989297429","0.07180226575747732","0.07180226575747732","0.07180226575747732"
"218","0.360750511523505","0.360750511523505","0.360750511523505","0.14537738860245739","0.14537738860245739","0.14537738860245739","0.07275964152570545","0.07275964152570545","0.07275964152570545"
"219","0.3631412456550209","0.3631412456550209","0.3631412456550209","0.14438091958772611","0.14438091958772611","0.14438091958772611","0.0742062452288023","0.0742062452288023","0.0742062452288023"
"220","0.3642524705317963","0.3642524705317963","0.3642524705317963","0.1445662742006079","0.1445662742006079","0.1445662742006079","0.07497867836494984","0.07497867836494984","0.07497867836494984"
"221","0.36402908055528227","0.36402908055528227","0.36402908055528227","0.14395828763363827","0.14395828763363827","0.14395828763363827","0.07568058563868586","0.07568058563868586","0.07568058563868586"
"222","0.36330150909698444","0.36330150909698444","0.36330150909698444","0.1422134704444805","0.1422134704444805","0.1422134704444805","0.07498319872719694","0.07498319872719694","0.07498319872719694"
"223","0.3607890978113934","0.3607890978113934","0.3607890978113934","0.14124565280550838","0.14124565280550838","0.14124565280550838","0.07531240078123817","0.07531240078123817","0.07531240078123817"
"224","0.3583349795956042","0.3583349795956042","0.3583349795956042","0.14034280430887505","0.14034280430887505","0.14034280430887505","0.07580010472063595","0.07580010472063595","0.07580010472063595"
"225","0.355718724566661","0.355718724566661","0.355718724566661","0.13892393901298683","0.13892393901298683","0.13892393901298683","0.07483781627962903","0.07483781627962903","0.07483781627962903"
"226","0.3544153415207326","0.3544153415207326","0.3544153415207326","0.1376480646003765","0.1376480646003765","0.1376480646003765","0.07382448739564929","0.07382448739564929","0.07382448739564929"
"227","0.35323673074820544","0.35323673074820544","0.35323673074820544","0.13680373537303686","0.13680373537303686","0.13680373537303686","0.07264287087999664","0.07264287087999664","0.07264287087999664"
"228","0.3499643270291067","0.3499643270291067","0.3499643270291067","0.13603666719662602","0.13603666719662602","0.13603666719662602","0.07194268227064703","0.07194268227064703","0.07194268227064703"
"229","0.34633602501601174","0.34633602501601174","0.34633602501601174","0.1356410562614179","0.1356410562614179","0.1356410562614179","0.07169941627915952","0.07169941627915952","0.07169941627915952"
"230","0.343055342537043","0.343055342537043","0.343055342537043","0.13491867077646602","0.13491867077646602","0.13491867077646602","0.07129838239151116","0.07129838239151116","0.07129838239151116"
"231","0.33983394510719983","0.33983394510719983","0.33983394510719983","0.13421132948301867","0.13421132948301867","0.13421132948301867","0.07075247550385531","0.07075247550385531","0.07075247550385531"
"232","0.3372575456086808","0.3372575456086808","0.3372575456086808","0.13430813556700444","0.13430813556700444","0.13430813556700444","0.0701360685003273","0.0701360685003273","0.0701360685003273"
"233","0.3350008862624476","0.3350008862624476","0.3350008862624476","0.1343535658936943","0.1343535658936943","0.1343535658936943","0.06942793435743284","0.06942793435743284","0.06942793435743284"
"234","0.33236521565333654","0.33236521565333654","0.33236521565333654","0.13416638238091386","0.13416638238091386","0.13416638238091386","0.06925914222239965","0.06925914222239965","0.06925914222239965"
"235","0.3330843195746102","0.3330843195746102","0.3330843195746102","0.13453299434790048","0.13453299434790048","0.13453299434790048","0.06878749849708368","0.06878749849708368","0.06878749849708368"
"236","0.334929744006157","0.334929744006157","0.334929744006157","0.13490542185710205","0.13490542185710205","0.13490542185710205","0.06825708325342934","0.06825708325342934","0.06825708325342934"
"237","0.3376637935141457","0.3376637935141457","0.3376637935141457","0.13699316880961018","0.13699316880961018","0.13699316880961018","0.06692453787221361","0.06692453787221361","0.06692453787221361"
"238","0.34095265678164505","0.34095265678164505","0.34095265678164505","0.13975742119201062","0.13975742119201062","0.13975742119201062","0.06764449169673167","0.06764449169673167","0.06764449169673167"
"239","0.3450346310113337","0.3450346310113337","0.3450346310113337","0.14235003005512653","0.14235003005512653","0.14235003005512653","0.06797500159269453","0.06797500159269453","0.06797500159269453"
"240","0.3487331909629909","0.3487331909629909","0.3487331909629909","0.1446113768640935","0.1446113768640935","0.1446113768640935","0.06836895649120069","0.06836895649120069","0.06836895649120069"
"241","0.3515104159657032","0.3515104159657032","0.3515104159657032","0.14576013372203614","0.14576013372203614","0.14576013372203614","0.06774834056594647","0.06774834056594647","0.06774834056594647"
"242","0.3544132151883312","0.3544132151883312","0.3544132151883312","0.14724792809139173","0.14724792809139173","0.14724792809139173","0.06784670636008296","0.06784670636008296","0.06784670636008296"
"243","0.3569227403306375","0.3569227403306375","0.3569227403306375","0.14816214297535887","0.14816214297535887","0.14816214297535887","0.0680788958867504","0.0680788958867504","0.0680788958867504"
"244","0.3592533681382665","0.3592533681382665","0.3592533681382665","0.14914613258264947","0.14914613258264947","0.14914613258264947","0.06856650449792556","0.06856650449792556","0.06856650449792556"
"245","0.3621727530688674","0.3621727530688674","0.3621727530688674","0.15015235694031082","0.15015235694031082","0.15015235694031082","0.07048500928384824","0.07048500928384824","0.07048500928384824"
"246","0.3646607110653457","0.3646607110653457","0.3646607110653457","0.15107345706972425","0.15107345706972425","0.15107345706972425","0.07212307596095344","0.07212307596095344","0.07212307596095344"
"247","0.3669776838683569","0.3669776838683569","0.3669776838683569","0.15214256456018396","0.15214256456018396","0.15214256456018396","0.07422932927335844","0.07422932927335844","0.07422932927335844"
"248","0.3694804686386797","0.3694804686386797","0.3694804686386797","0.15307472637071107","0.15307472637071107","0.15307472637071107","0.07542858553697535","0.07542858553697535","0.07542858553697535"
"249","0.3719046355489385","0.3719046355489385","0.3719046355489385","0.15341526982174825","0.15341526982174825","0.15341526982174825","0.07692390500843674","0.07692390500843674","0.07692390500843674"
"250","0.3734474083415252","0.3734474083415252","0.3734474083415252","0.15555373451838916","0.15555373451838916","0.15555373451838916","0.0789678887539925","0.0789678887539925","0.0789678887539925"
"251","0.3747111193265846","0.3747111193265846","0.3747111193265846","0.1574167897312543","0.1574167897312543","0.1574167897312543","0.08107780395999228","0.08107780395999228","0.08107780395999228"
"252","0.3741250121930872","0.3741250121930872","0.3741250121930872","0.16038493204910087","0.16038493204910087","0.16038493204910087","0.08200407735902641","0.08200407735902641","0.08200407735902641"
"253","0.37269967487252437","0.37269967487252437","0.37269967487252437","0.162242051527819","0.162242051527819","0.162242051527819","0.08130140759853827","0.08130140759853827","0.08130140759853827"
"254","0.37114978332154785","0.37114978332154785","0.37114978332154785","0.16386113462857607","0.16386113462857607","0.16386113462857607","0.08048438192115218","0.08048438192115218","0.08048438192115218"
"255","0.36942728019674015","0.36942728019674015","0.36942728019674015","0.1650743869470314","0.1650743869470314","0.1650743869470314","0.07939296588672597","0.07939296588672597","0.07939296588672597"
"256","0.3684257172674486","0.3684257172674486","0.3684257172674486","0.1663761174292808","0.1663761174292808","0.1663761174292808","0.0783233794951395","0.0783233794951395","0.0783233794951395"
"257","0.3661227010119972","0.3661227010119972","0.3661227010119972","0.16833919428895963","0.16833919428895963","0.16833919428895963","0.07776592854899972","0.07776592854899972","0.07776592854899972"
"258","0.3635516643647787","0.3635516643647787","0.3635516643647787","0.16984627273489455","0.16984627273489455","0.16984627273489455","0.07741605936035195","0.07741605936035195","0.07741605936035195"
"259","0.3619375296132867","0.3619375296132867","0.3619375296132867","0.17090315425288866","0.17090315425288866","0.17090315425288866","0.07648476193189364","0.07648476193189364","0.07648476193189364"
"260","0.3601036274874289","0.3601036274874289","0.3601036274874289","0.17236264358633507","0.17236264358633507","0.17236264358633507","0.0768554837150199","0.0768554837150199","0.0768554837150199"
"261","0.35737829467364995","0.35737829467364995","0.35737829467364995","0.17290219623038713","0.17290219623038713","0.17290219623038713","0.07644534050285426","0.07644534050285426","0.07644534050285426"
"262","0.3551259469087011","0.3551259469087011","0.3551259469087011","0.17259694916020782","0.17259694916020782","0.17259694916020782","0.0757766897934254","0.0757766897934254","0.0757766897934254"
"263","0.3531812889911263","0.3531812889911263","0.3531812889911263","0.17176863857959382","0.17176863857959382","0.17176863857959382","0.07487999349764378","0.07487999349764378","0.07487999349764378"
"264","0.3517376673138705","0.3517376673138705","0.3517376673138705","0.17084504068999004","0.17084504068999004","0.17084504068999004","0.0732905979417356","0.0732905979417356","0.0732905979417356"
"265","0.35072260903665453","0.35072260903665453","0.35072260903665453","0.1698429758426787","0.1698429758426787","0.1698429758426787","0.07186303285569345","0.07186303285569345","0.07186303285569345"
"266","0.3551286492094511","0.3551286492094511","0.3551286492094511","0.17525236217092371","0.17525236217092371","0.17525236217092371","0.07278069555850136","0.07278069555850136","0.07278069555850136"
"267","0.35891458245398455","0.35891458245398455","0.35891458245398455","0.17998345168289792","0.17998345168289792","0.17998345168289792","0.07424115488838012","0.07424115488838012","0.07424115488838012"
"268","0.36251853778687454","0.36251853778687454","0.36251853778687454","0.1840528966410617","0.1840528966410617","0.1840528966410617","0.07599473359796924","0.07599473359796924","0.07599473359796924"
"269","0.36463352272322413","0.36463352272322413","0.36463352272322413","0.18669109296901168","0.18669109296901168","0.18669109296901168","0.07683495159888272","0.07683495159888272","0.07683495159888272"
"270","0.36677079801538537","0.36677079801538537","0.36677079801538537","0.189349584873266","0.189349584873266","0.189349584873266","0.07887744341660062","0.07887744341660062","0.07887744341660062"
"271","0.36873543103993084","0.36873543103993084","0.36873543103993084","0.1913073984631562","0.1913073984631562","0.1913073984631562","0.08135141128842402","0.08135141128842402","0.08135141128842402"
"272","0.37007594056539045","0.37007594056539045","0.37007594056539045","0.19285731082033544","0.19285731082033544","0.19285731082033544","0.08333241935907369","0.08333241935907369","0.08333241935907369"
"273","0.3704213847816599","0.3704213847816599","0.3704213847816599","0.19357937219390367","0.19357937219390367","0.19357937219390367","0.08510318780602977","0.08510318780602977","0.08510318780602977"
"274","0.37098263791645625","0.37098263791645625","0.37098263791645625","0.19419411292836286","0.19419411292836286","0.19419411292836286","0.08725788583511057","0.08725788583511057","0.08725788583511057"
"275","0.3711783424239741","0.3711783424239741","0.3711783424239741","0.1940878193342875","0.1940878193342875","0.1940878193342875","0.08825785185835819","0.08825785185835819","0.08825785185835819"
"276","0.37190447610812205","0.37190447610812205","0.37190447610812205","0.19456984934085156","0.19456984934085156","0.19456984934085156","0.0883634482413783","0.0883634482413783","0.0883634482413783"
"277","0.3696681810685692","0.3696681810685692","0.3696681810685692","0.19395075523593747","0.19395075523593747","0.19395075523593747","0.08709005184364144","0.08709005184364144","0.08709005184364144"
"278","0.3675878298477347","0.3675878298477347","0.3675878298477347","0.1932127929538464","0.1932127929538464","0.1932127929538464","0.08543652523958879","0.08543652523958879","0.08543652523958879"
"279","0.36513804249413273","0.36513804249413273","0.36513804249413273","0.19178878609808167","0.19178878609808167","0.19178878609808167","0.08255284505609596","0.08255284505609596","0.08255284505609596"
"280","0.36308023081250407","0.36308023081250407","0.36308023081250407","0.19040084291089548","0.19040084291089548","0.19040084291089548","0.07971797349235062","0.07971797349235062","0.07971797349235062"
"281","0.36077552740304464","0.36077552740304464","0.36077552740304464","0.18893084869014062","0.18893084869014062","0.18893084869014062","0.07685716259820481","0.07685716259820481","0.07685716259820481"
"282","0.35878796964711984","0.35878796964711984","0.35878796964711984","0.1876336259492302","0.1876336259492302","0.1876336259492302","0.07534032056420857","0.07534032056420857","0.07534032056420857"
"283","0.35682361780929056","0.35682361780929056","0.35682361780929056","0.18619948087582394","0.18619948087582394","0.18619948087582394","0.07441875874576791","0.07441875874576791","0.07441875874576791"
"284","0.3544363910277576","0.3544363910277576","0.3544363910277576","0.18404060767189728","0.18404060767189728","0.18404060767189728","0.0729314307545632","0.0729314307545632","0.0729314307545632"
"285","0.35232691593837173","0.35232691593837173","0.35232691593837173","0.18182693966781333","0.18182693966781333","0.18182693966781333","0.07206313158986422","0.07206313158986422","0.07206313158986422"
"286","0.35065605146833156","0.35065605146833156","0.35065605146833156","0.179578980462484","0.179578980462484","0.179578980462484","0.07099690864688209","0.07099690864688209","0.07099690864688209"
"287","0.3500785941499023","0.3500785941499023","0.3500785941499023","0.1762529921417702","0.1762529921417702","0.1762529921417702","0.07010142806110677","0.07010142806110677","0.07010142806110677"
"288","0.35017653251199554","0.35017653251199554","0.35017653251199554","0.17260039380682934","0.17260039380682934","0.17260039380682934","0.0704997551411525","0.0704997551411525","0.0704997551411525"
"289","0.35308597352198273","0.35308597352198273","0.35308597352198273","0.1706049351294731","0.1706049351294731","0.1706049351294731","0.06982630461629696","0.06982630461629696","0.06982630461629696"
"290","0.3530092926192661","0.3530092926192661","0.3530092926192661","0.16787429258309855","0.16787429258309855","0.16787429258309855","0.06788457169919627","0.06788457169919627","0.06788457169919627"
"291","0.35892605941250055","0.35892605941250055","0.35892605941250055","0.16658017185318671","0.16658017185318671","0.16658017185318671","0.06635511230377256","0.06635511230377256","0.06635511230377256"
"292","0.36406203684371796","0.36406203684371796","0.36406203684371796","0.16485461762172313","0.16485461762172313","0.16485461762172313","0.06470043680401222","0.06470043680401222","0.06470043680401222"
"293","0.3684381662196461","0.3684381662196461","0.3684381662196461","0.16322516653472355","0.16322516653472355","0.16322516653472355","0.0632339216845446","0.0632339216845446","0.0632339216845446"
"294","0.37290708086245744","0.37290708086245744","0.37290708086245744","0.16043140263787367","0.16043140263787367","0.16043140263787367","0.06129853842474469","0.06129853842474469","0.06129853842474469"
"295","0.37585051829287447","0.37585051829287447","0.37585051829287447","0.15784999557063842","0.15784999557063842","0.15784999557063842","0.06002843820484659","0.06002843820484659","0.06002843820484659"
"296","0.37840037504279633","0.37840037504279633","0.37840037504279633","0.15536169395163874","0.15536169395163874","0.15536169395163874","0.05910979729107036","0.05910979729107036","0.05910979729107036"
"297","0.38059407621311186","0.38059407621311186","0.38059407621311186","0.15260547444481112","0.15260547444481112","0.15260547444481112","0.05775692226853953","0.05775692226853953","0.05775692226853953"
"298","0.3816104470177171","0.3816104470177171","0.3816104470177171","0.14933483933303915","0.14933483933303915","0.14933483933303915","0.05727801773346446","0.05727801773346446","0.05727801773346446"
"299","0.3822176317942162","0.3822176317942162","0.3822176317942162","0.14656777400805446","0.14656777400805446","0.14656777400805446","0.057145591784691446","0.057145591784691446","0.057145591784691446"
"300","0.382407837754195","0.382407837754195","0.382407837754195","0.1434581877929095","0.1434581877929095","0.1434581877929095","0.05640249274990274","0.05640249274990274","0.05640249274990274"