"Step","lively-brook-27 - train/rmse_param_sig","lively-brook-27 - train/rmse_param_sig__MIN","lively-brook-27 - train/rmse_param_sig__MAX","glamorous-snowflake-26 - train/rmse_param_sig","glamorous-snowflake-26 - train/rmse_param_sig__MIN","glamorous-snowflake-26 - train/rmse_param_sig__MAX","dark-moon-25 - train/rmse_param_sig","dark-moon-25 - train/rmse_param_sig__MIN","dark-moon-25 - train/rmse_param_sig__MAX","legendary-sponge-24 - train/rmse_param_sig","legendary-sponge-24 - train/rmse_param_sig__MIN","legendary-sponge-24 - train/rmse_param_sig__MAX"
"0","50","50","50","50","50","50","50","50","50","50","50","50"
"1","50.19921112060547","50.19921112060547","50.19921112060547","50.19994354248047","50.19994354248047","50.19994354248047","50.199947357177734","50.199947357177734","50.199947357177734","50.1996955871582","50.1996955871582","50.1996955871582"
"2","50.38650131225586","50.38650131225586","50.38650131225586","50.39967346191406","50.39967346191406","50.39967346191406","50.39997100830078","50.39997100830078","50.39997100830078","50.3995475769043","50.3995475769043","50.3995475769043"
"3","50.56560516357422","50.56560516357422","50.56560516357422","50.598270416259766","50.598270416259766","50.598270416259766","50.60039520263672","50.60039520263672","50.60039520263672","50.59926223754883","50.59926223754883","50.59926223754883"
"4","50.73816680908203","50.73816680908203","50.73816680908203","50.797088623046875","50.797088623046875","50.797088623046875","50.80046844482422","50.80046844482422","50.80046844482422","50.7984733581543","50.7984733581543","50.7984733581543"
"5","50.915565490722656","50.915565490722656","50.915565490722656","50.99639129638672","50.99639129638672","50.99639129638672","51.00041961669922","51.00041961669922","51.00041961669922","50.99812316894531","50.99812316894531","50.99812316894531"
"6","51.091373443603516","51.091373443603516","51.091373443603516","51.19617462158203","51.19617462158203","51.19617462158203","51.20115661621094","51.20115661621094","51.20115661621094","51.198368072509766","51.198368072509766","51.198368072509766"
"7","51.2646484375","51.2646484375","51.2646484375","51.39627456665039","51.39627456665039","51.39627456665039","51.40100860595703","51.40100860595703","51.40100860595703","51.39792251586914","51.39792251586914","51.39792251586914"
"8","51.43280792236328","51.43280792236328","51.43280792236328","51.59700393676758","51.59700393676758","51.59700393676758","51.601036071777344","51.601036071777344","51.601036071777344","51.59757995605469","51.59757995605469","51.59757995605469"
"9","51.60497283935547","51.60497283935547","51.60497283935547","51.797855377197266","51.797855377197266","51.797855377197266","51.801143646240234","51.801143646240234","51.801143646240234","51.79747772216797","51.79747772216797","51.79747772216797"
"10","51.772865295410156","51.772865295410156","51.772865295410156","51.99885940551758","51.99885940551758","51.99885940551758","52.00054931640625","52.00054931640625","52.00054931640625","51.99747848510742","51.99747848510742","51.99747848510742"
"11","51.945343017578125","51.945343017578125","51.945343017578125","52.19951629638672","52.19951629638672","52.19951629638672","52.19902801513672","52.19902801513672","52.19902801513672","52.196739196777344","52.196739196777344","52.196739196777344"
"12","52.105712890625","52.105712890625","52.105712890625","52.4000129699707","52.4000129699707","52.4000129699707","52.39812469482422","52.39812469482422","52.39812469482422","52.39585494995117","52.39585494995117","52.39585494995117"
"13","52.24901580810547","52.24901580810547","52.24901580810547","52.59904098510742","52.59904098510742","52.59904098510742","52.596351623535156","52.596351623535156","52.596351623535156","52.59295654296875","52.59295654296875","52.59295654296875"
"14","52.388973236083984","52.388973236083984","52.388973236083984","52.798194885253906","52.798194885253906","52.798194885253906","52.795166015625","52.795166015625","52.795166015625","52.79066848754883","52.79066848754883","52.79066848754883"
"15","52.5274772644043","52.5274772644043","52.5274772644043","52.997615814208984","52.997615814208984","52.997615814208984","52.994483947753906","52.994483947753906","52.994483947753906","52.98907470703125","52.98907470703125","52.98907470703125"
"16","52.6611328125","52.6611328125","52.6611328125","53.19749069213867","53.19749069213867","53.19749069213867","53.19357681274414","53.19357681274414","53.19357681274414","53.18811798095703","53.18811798095703","53.18811798095703"
"17","52.773807525634766","52.773807525634766","52.773807525634766","53.397613525390625","53.397613525390625","53.397613525390625","53.39353561401367","53.39353561401367","53.39353561401367","53.38783264160156","53.38783264160156","53.38783264160156"
"18","52.874088287353516","52.874088287353516","52.874088287353516","53.597496032714844","53.597496032714844","53.597496032714844","53.592899322509766","53.592899322509766","53.592899322509766","53.58708953857422","53.58708953857422","53.58708953857422"
"19","52.96528244018555","52.96528244018555","52.96528244018555","53.79580307006836","53.79580307006836","53.79580307006836","53.792171478271484","53.792171478271484","53.792171478271484","53.78680419921875","53.78680419921875","53.78680419921875"
"20","53.05685043334961","53.05685043334961","53.05685043334961","53.9942626953125","53.9942626953125","53.9942626953125","53.99097442626953","53.99097442626953","53.99097442626953","53.986122131347656","53.986122131347656","53.986122131347656"
"21","53.15827560424805","53.15827560424805","53.15827560424805","54.193904876708984","54.193904876708984","54.193904876708984","54.19055938720703","54.19055938720703","54.19055938720703","54.18548583984375","54.18548583984375","54.18548583984375"
"22","53.261688232421875","53.261688232421875","53.261688232421875","54.39371871948242","54.39371871948242","54.39371871948242","54.38964080810547","54.38964080810547","54.38964080810547","54.38429260253906","54.38429260253906","54.38429260253906"
"23","53.35527038574219","53.35527038574219","53.35527038574219","54.59272384643555","54.59272384643555","54.59272384643555","54.5892333984375","54.5892333984375","54.5892333984375","54.58407211303711","54.58407211303711","54.58407211303711"
"24","53.4315185546875","53.4315185546875","53.4315185546875","54.79163360595703","54.79163360595703","54.79163360595703","54.78811264038086","54.78811264038086","54.78811264038086","54.783203125","54.783203125","54.783203125"
"25","53.496524810791016","53.496524810791016","53.496524810791016","54.990867614746094","54.990867614746094","54.990867614746094","54.98659896850586","54.98659896850586","54.98659896850586","54.98141860961914","54.98141860961914","54.98141860961914"
"26","53.548126220703125","53.548126220703125","53.548126220703125","55.19048309326172","55.19048309326172","55.19048309326172","55.18419647216797","55.18419647216797","55.18419647216797","55.179649353027344","55.179649353027344","55.179649353027344"
"27","53.58622360229492","53.58622360229492","53.58622360229492","55.38926315307617","55.38926315307617","55.38926315307617","55.38258743286133","55.38258743286133","55.38258743286133","55.37802505493164","55.37802505493164","55.37802505493164"
"28","53.614315032958984","53.614315032958984","53.614315032958984","55.58708190917969","55.58708190917969","55.58708190917969","55.58073425292969","55.58073425292969","55.58073425292969","55.575923919677734","55.575923919677734","55.575923919677734"
"29","53.620521545410156","53.620521545410156","53.620521545410156","55.78496551513672","55.78496551513672","55.78496551513672","55.77916717529297","55.77916717529297","55.77916717529297","55.77411651611328","55.77411651611328","55.77411651611328"
"30","53.62788009643555","53.62788009643555","53.62788009643555","55.98329162597656","55.98329162597656","55.98329162597656","55.97759246826172","55.97759246826172","55.97759246826172","55.972084045410156","55.972084045410156","55.972084045410156"
"31","53.64707565307617","53.64707565307617","53.64707565307617","56.181602478027344","56.181602478027344","56.181602478027344","56.17573928833008","56.17573928833008","56.17573928833008","56.16983413696289","56.16983413696289","56.16983413696289"
"32","53.66456604003906","53.66456604003906","53.66456604003906","56.381500244140625","56.381500244140625","56.381500244140625","56.37411880493164","56.37411880493164","56.37411880493164","56.36808776855469","56.36808776855469","56.36808776855469"
"33","53.680992126464844","53.680992126464844","53.680992126464844","56.58141326904297","56.58141326904297","56.58141326904297","56.57255554199219","56.57255554199219","56.57255554199219","56.56604766845703","56.56604766845703","56.56604766845703"
"34","53.69578552246094","53.69578552246094","53.69578552246094","56.7811279296875","56.7811279296875","56.7811279296875","56.77081298828125","56.77081298828125","56.77081298828125","56.76301574707031","56.76301574707031","56.76301574707031"
"35","53.711158752441406","53.711158752441406","53.711158752441406","56.981056213378906","56.981056213378906","56.981056213378906","56.968780517578125","56.968780517578125","56.968780517578125","56.959571838378906","56.959571838378906","56.959571838378906"
"36","53.697818756103516","53.697818756103516","53.697818756103516","57.179927825927734","57.179927825927734","57.179927825927734","57.16609191894531","57.16609191894531","57.16609191894531","57.154930114746094","57.154930114746094","57.154930114746094"
"37","53.67896270751953","53.67896270751953","53.67896270751953","57.378990173339844","57.378990173339844","57.378990173339844","57.36388397216797","57.36388397216797","57.36388397216797","57.35051345825195","57.35051345825195","57.35051345825195"
"38","53.66476821899414","53.66476821899414","53.66476821899414","57.577510833740234","57.577510833740234","57.577510833740234","57.561431884765625","57.561431884765625","57.561431884765625","57.5463752746582","57.5463752746582","57.5463752746582"
"39","53.667484283447266","53.667484283447266","53.667484283447266","57.77733612060547","57.77733612060547","57.77733612060547","57.758018493652344","57.758018493652344","57.758018493652344","57.74256896972656","57.74256896972656","57.74256896972656"
"40","53.67760467529297","53.67760467529297","53.67760467529297","57.977691650390625","57.977691650390625","57.977691650390625","57.95493698120117","57.95493698120117","57.95493698120117","57.94034957885742","57.94034957885742","57.94034957885742"
"41","53.66936111450195","53.66936111450195","53.66936111450195","58.17656707763672","58.17656707763672","58.17656707763672","58.15290451049805","58.15290451049805","58.15290451049805","58.13792419433594","58.13792419433594","58.13792419433594"
"42","53.636844635009766","53.636844635009766","53.636844635009766","58.37620162963867","58.37620162963867","58.37620162963867","58.352012634277344","58.352012634277344","58.352012634277344","58.33622360229492","58.33622360229492","58.33622360229492"
"43","53.6103630065918","53.6103630065918","53.6103630065918","58.576995849609375","58.576995849609375","58.576995849609375","58.55107116699219","58.55107116699219","58.55107116699219","58.534820556640625","58.534820556640625","58.534820556640625"
"44","53.58600997924805","53.58600997924805","53.58600997924805","58.7793083190918","58.7793083190918","58.7793083190918","58.749305725097656","58.749305725097656","58.749305725097656","58.73297882080078","58.73297882080078","58.73297882080078"
"45","53.55716323852539","53.55716323852539","53.55716323852539","58.98064422607422","58.98064422607422","58.98064422607422","58.94718933105469","58.94718933105469","58.94718933105469","58.931461334228516","58.931461334228516","58.931461334228516"
"46","53.492427825927734","53.492427825927734","53.492427825927734","59.17963790893555","59.17963790893555","59.17963790893555","59.144622802734375","59.144622802734375","59.144622802734375","59.1291618347168","59.1291618347168","59.1291618347168"
"47","53.44984817504883","53.44984817504883","53.44984817504883","59.3791389465332","59.3791389465332","59.3791389465332","59.34163284301758","59.34163284301758","59.34163284301758","59.32671356201172","59.32671356201172","59.32671356201172"
"48","53.39362335205078","53.39362335205078","53.39362335205078","59.577484130859375","59.577484130859375","59.577484130859375","59.53939437866211","59.53939437866211","59.53939437866211","59.5242805480957","59.5242805480957","59.5242805480957"
"49","53.34788513183594","53.34788513183594","53.34788513183594","59.77644348144531","59.77644348144531","59.77644348144531","59.73614501953125","59.73614501953125","59.73614501953125","59.7209587097168","59.7209587097168","59.7209587097168"
"50","53.32337188720703","53.32337188720703","53.32337188720703","59.975040435791016","59.975040435791016","59.975040435791016","59.9323616027832","59.9323616027832","59.9323616027832","59.91898727416992","59.91898727416992","59.91898727416992"
"51","53.30118179321289","53.30118179321289","53.30118179321289","60.17447280883789","60.17447280883789","60.17447280883789","60.127384185791016","60.127384185791016","60.127384185791016","60.1173095703125","60.1173095703125","60.1173095703125"
"52","53.299495697021484","53.299495697021484","53.299495697021484","60.373748779296875","60.373748779296875","60.373748779296875","60.32178497314453","60.32178497314453","60.32178497314453","60.31644821166992","60.31644821166992","60.31644821166992"
"53","53.28649139404297","53.28649139404297","53.28649139404297","60.57250213623047","60.57250213623047","60.57250213623047","60.51567077636719","60.51567077636719","60.51567077636719","60.514583587646484","60.514583587646484","60.514583587646484"
"54","53.269081115722656","53.269081115722656","53.269081115722656","60.772010803222656","60.772010803222656","60.772010803222656","60.708534240722656","60.708534240722656","60.708534240722656","60.71275329589844","60.71275329589844","60.71275329589844"
"55","53.25998306274414","53.25998306274414","53.25998306274414","60.9720458984375","60.9720458984375","60.9720458984375","60.901248931884766","60.901248931884766","60.901248931884766","60.91167449951172","60.91167449951172","60.91167449951172"
"56","53.245094299316406","53.245094299316406","53.245094299316406","61.16978454589844","61.16978454589844","61.16978454589844","61.09259033203125","61.09259033203125","61.09259033203125","61.110870361328125","61.110870361328125","61.110870361328125"
"57","53.21890640258789","53.21890640258789","53.21890640258789","61.367401123046875","61.367401123046875","61.367401123046875","61.282806396484375","61.282806396484375","61.282806396484375","61.309417724609375","61.309417724609375","61.309417724609375"
"58","53.1873779296875","53.1873779296875","53.1873779296875","61.56521224975586","61.56521224975586","61.56521224975586","61.47111129760742","61.47111129760742","61.47111129760742","61.50736618041992","61.50736618041992","61.50736618041992"
"59","53.149452209472656","53.149452209472656","53.149452209472656","61.763221740722656","61.763221740722656","61.763221740722656","61.65867614746094","61.65867614746094","61.65867614746094","61.70555114746094","61.70555114746094","61.70555114746094"
"60","53.13117599487305","53.13117599487305","53.13117599487305","61.962310791015625","61.962310791015625","61.962310791015625","61.84635925292969","61.84635925292969","61.84635925292969","61.903568267822266","61.903568267822266","61.903568267822266"
"61","53.09476852416992","53.09476852416992","53.09476852416992","62.1603889465332","62.1603889465332","62.1603889465332","62.0340576171875","62.0340576171875","62.0340576171875","62.1019172668457","62.1019172668457","62.1019172668457"
"62","53.06668472290039","53.06668472290039","53.06668472290039","62.35944366455078","62.35944366455078","62.35944366455078","62.22044372558594","62.22044372558594","62.22044372558594","62.29976272583008","62.29976272583008","62.29976272583008"
"63","53.032012939453125","53.032012939453125","53.032012939453125","62.557533264160156","62.557533264160156","62.557533264160156","62.40805435180664","62.40805435180664","62.40805435180664","62.49673843383789","62.49673843383789","62.49673843383789"
"64","52.99165725708008","52.99165725708008","52.99165725708008","62.75548553466797","62.75548553466797","62.75548553466797","62.59672927856445","62.59672927856445","62.59672927856445","62.69451904296875","62.69451904296875","62.69451904296875"
"65","52.97021484375","52.97021484375","52.97021484375","62.952606201171875","62.952606201171875","62.952606201171875","62.78384780883789","62.78384780883789","62.78384780883789","62.89237976074219","62.89237976074219","62.89237976074219"
"66","52.94646453857422","52.94646453857422","52.94646453857422","63.14912414550781","63.14912414550781","63.14912414550781","62.97153854370117","62.97153854370117","62.97153854370117","63.09131622314453","63.09131622314453","63.09131622314453"
"67","52.936832427978516","52.936832427978516","52.936832427978516","63.34356689453125","63.34356689453125","63.34356689453125","63.158748626708984","63.158748626708984","63.158748626708984","63.29029846191406","63.29029846191406","63.29029846191406"
"68","52.932273864746094","52.932273864746094","52.932273864746094","63.537044525146484","63.537044525146484","63.537044525146484","63.345252990722656","63.345252990722656","63.345252990722656","63.48875427246094","63.48875427246094","63.48875427246094"
"69","52.900917053222656","52.900917053222656","52.900917053222656","63.72911834716797","63.72911834716797","63.72911834716797","63.530494689941406","63.530494689941406","63.530494689941406","63.68634796142578","63.68634796142578","63.68634796142578"
"70","52.87910461425781","52.87910461425781","52.87910461425781","63.919464111328125","63.919464111328125","63.919464111328125","63.71436309814453","63.71436309814453","63.71436309814453","63.883209228515625","63.883209228515625","63.883209228515625"
"71","52.85319519042969","52.85319519042969","52.85319519042969","64.10862731933594","64.10862731933594","64.10862731933594","63.89925003051758","63.89925003051758","63.89925003051758","64.07949829101562","64.07949829101562","64.07949829101562"
"72","52.8445930480957","52.8445930480957","52.8445930480957","64.29637908935547","64.29637908935547","64.29637908935547","64.0844955444336","64.0844955444336","64.0844955444336","64.27601623535156","64.27601623535156","64.27601623535156"
"73","52.82033157348633","52.82033157348633","52.82033157348633","64.48466491699219","64.48466491699219","64.48466491699219","64.26919555664062","64.26919555664062","64.26919555664062","64.4723129272461","64.4723129272461","64.4723129272461"
"74","52.770355224609375","52.770355224609375","52.770355224609375","64.67123413085938","64.67123413085938","64.67123413085938","64.45433807373047","64.45433807373047","64.45433807373047","64.66788482666016","64.66788482666016","64.66788482666016"
"75","52.724090576171875","52.724090576171875","52.724090576171875","64.85857391357422","64.85857391357422","64.85857391357422","64.63885498046875","64.63885498046875","64.63885498046875","64.8638916015625","64.8638916015625","64.8638916015625"
"76","52.665802001953125","52.665802001953125","52.665802001953125","65.04395294189453","65.04395294189453","65.04395294189453","64.82164001464844","64.82164001464844","64.82164001464844","65.05994415283203","65.05994415283203","65.05994415283203"
"77","52.615562438964844","52.615562438964844","52.615562438964844","65.22908020019531","65.22908020019531","65.22908020019531","65.00576782226562","65.00576782226562","65.00576782226562","65.25675964355469","65.25675964355469","65.25675964355469"
"78","52.60458755493164","52.60458755493164","52.60458755493164","65.41476440429688","65.41476440429688","65.41476440429688","65.19023132324219","65.19023132324219","65.19023132324219","65.45549011230469","65.45549011230469","65.45549011230469"
"79","52.60902404785156","52.60902404785156","52.60902404785156","65.60169982910156","65.60169982910156","65.60169982910156","65.37372589111328","65.37372589111328","65.37372589111328","65.65444946289062","65.65444946289062","65.65444946289062"
"80","52.61056137084961","52.61056137084961","52.61056137084961","65.78732299804688","65.78732299804688","65.78732299804688","65.55738067626953","65.55738067626953","65.55738067626953","65.85343170166016","65.85343170166016","65.85343170166016"
"81","52.6461067199707","52.6461067199707","52.6461067199707","65.97233581542969","65.97233581542969","65.97233581542969","65.73948669433594","65.73948669433594","65.73948669433594","66.0522232055664","66.0522232055664","66.0522232055664"
"82","52.69451904296875","52.69451904296875","52.69451904296875","66.15677642822266","66.15677642822266","66.15677642822266","65.9207763671875","65.9207763671875","65.9207763671875","66.25149536132812","66.25149536132812","66.25149536132812"
"83","52.7472038269043","52.7472038269043","52.7472038269043","66.34122467041016","66.34122467041016","66.34122467041016","66.10270690917969","66.10270690917969","66.10270690917969","66.45038604736328","66.45038604736328","66.45038604736328"
"84","52.787227630615234","52.787227630615234","52.787227630615234","66.52394104003906","66.52394104003906","66.52394104003906","66.2835464477539","66.2835464477539","66.2835464477539","66.6482162475586","66.6482162475586","66.6482162475586"
"85","52.817909240722656","52.817909240722656","52.817909240722656","66.705322265625","66.705322265625","66.705322265625","66.46317291259766","66.46317291259766","66.46317291259766","66.84660339355469","66.84660339355469","66.84660339355469"
"86","52.865447998046875","52.865447998046875","52.865447998046875","66.88675689697266","66.88675689697266","66.88675689697266","66.63987731933594","66.63987731933594","66.63987731933594","67.04428100585938","67.04428100585938","67.04428100585938"
"87","52.91370391845703","52.91370391845703","52.91370391845703","67.0687255859375","67.0687255859375","67.0687255859375","66.81449127197266","66.81449127197266","66.81449127197266","67.24108123779297","67.24108123779297","67.24108123779297"
"88","52.98352813720703","52.98352813720703","52.98352813720703","67.25140380859375","67.25140380859375","67.25140380859375","66.98818969726562","66.98818969726562","66.98818969726562","67.43807220458984","67.43807220458984","67.43807220458984"
"89","53.048709869384766","53.048709869384766","53.048709869384766","67.43392944335938","67.43392944335938","67.43392944335938","67.16395568847656","67.16395568847656","67.16395568847656","67.63569641113281","67.63569641113281","67.63569641113281"
"90","53.0931282043457","53.0931282043457","53.0931282043457","67.61477661132812","67.61477661132812","67.61477661132812","67.33814239501953","67.33814239501953","67.33814239501953","67.83303833007812","67.83303833007812","67.83303833007812"
"91","53.14897155761719","53.14897155761719","53.14897155761719","67.79449462890625","67.79449462890625","67.79449462890625","67.51080322265625","67.51080322265625","67.51080322265625","68.02965545654297","68.02965545654297","68.02965545654297"
"92","53.20905303955078","53.20905303955078","53.20905303955078","67.97395324707031","67.97395324707031","67.97395324707031","67.68353271484375","67.68353271484375","67.68353271484375","68.22674560546875","68.22674560546875","68.22674560546875"
"93","53.24663162231445","53.24663162231445","53.24663162231445","68.14961242675781","68.14961242675781","68.14961242675781","67.85629272460938","67.85629272460938","67.85629272460938","68.42254638671875","68.42254638671875","68.42254638671875"
"94","53.292633056640625","53.292633056640625","53.292633056640625","68.32388305664062","68.32388305664062","68.32388305664062","68.02769470214844","68.02769470214844","68.02769470214844","68.61831665039062","68.61831665039062","68.61831665039062"
"95","53.315406799316406","53.315406799316406","53.315406799316406","68.49817657470703","68.49817657470703","68.49817657470703","68.197998046875","68.197998046875","68.197998046875","68.81351470947266","68.81351470947266","68.81351470947266"
"96","53.341670989990234","53.341670989990234","53.341670989990234","68.67394256591797","68.67394256591797","68.67394256591797","68.37014770507812","68.37014770507812","68.37014770507812","69.00938415527344","69.00938415527344","69.00938415527344"
"97","53.367576599121094","53.367576599121094","53.367576599121094","68.84928131103516","68.84928131103516","68.84928131103516","68.54058074951172","68.54058074951172","68.54058074951172","69.2050552368164","69.2050552368164","69.2050552368164"
"98","53.412784576416016","53.412784576416016","53.412784576416016","69.02259063720703","69.02259063720703","69.02259063720703","68.7118911743164","68.7118911743164","68.7118911743164","69.39995574951172","69.39995574951172","69.39995574951172"
"99","53.4369010925293","53.4369010925293","53.4369010925293","69.19601440429688","69.19601440429688","69.19601440429688","68.8818130493164","68.8818130493164","68.8818130493164","69.594482421875","69.594482421875","69.594482421875"
"100","53.45732116699219","53.45732116699219","53.45732116699219","69.36729431152344","69.36729431152344","69.36729431152344","69.05006408691406","69.05006408691406","69.05006408691406","69.78840637207031","69.78840637207031","69.78840637207031"
"101","53.45537567138672","53.45537567138672","53.45537567138672","69.53709411621094","69.53709411621094","69.53709411621094","69.21722412109375","69.21722412109375","69.21722412109375","69.98091888427734","69.98091888427734","69.98091888427734"
"102","53.45656204223633","53.45656204223633","53.45656204223633","69.70789337158203","69.70789337158203","69.70789337158203","69.38249969482422","69.38249969482422","69.38249969482422","70.17379760742188","70.17379760742188","70.17379760742188"
"103","53.4495964050293","53.4495964050293","53.4495964050293","69.87714385986328","69.87714385986328","69.87714385986328","69.54518127441406","69.54518127441406","69.54518127441406","70.36573791503906","70.36573791503906","70.36573791503906"
"104","53.447105407714844","53.447105407714844","53.447105407714844","70.044677734375","70.044677734375","70.044677734375","69.70781707763672","69.70781707763672","69.70781707763672","70.55825805664062","70.55825805664062","70.55825805664062"
"105","53.43911361694336","53.43911361694336","53.43911361694336","70.21070861816406","70.21070861816406","70.21070861816406","69.87000274658203","69.87000274658203","69.87000274658203","70.74925994873047","70.74925994873047","70.74925994873047"
"106","53.43142318725586","53.43142318725586","53.43142318725586","70.37577819824219","70.37577819824219","70.37577819824219","70.03199768066406","70.03199768066406","70.03199768066406","70.94062805175781","70.94062805175781","70.94062805175781"
"107","53.38481521606445","53.38481521606445","53.38481521606445","70.54171752929688","70.54171752929688","70.54171752929688","70.19298553466797","70.19298553466797","70.19298553466797","71.1324462890625","71.1324462890625","71.1324462890625"
"108","53.322532653808594","53.322532653808594","53.322532653808594","70.70790100097656","70.70790100097656","70.70790100097656","70.35301971435547","70.35301971435547","70.35301971435547","71.32257843017578","71.32257843017578","71.32257843017578"
"109","53.27881622314453","53.27881622314453","53.27881622314453","70.87298583984375","70.87298583984375","70.87298583984375","70.51087188720703","70.51087188720703","70.51087188720703","71.51344299316406","71.51344299316406","71.51344299316406"
"110","53.22880554199219","53.22880554199219","53.22880554199219","71.03791046142578","71.03791046142578","71.03791046142578","70.6659927368164","70.6659927368164","70.6659927368164","71.70392608642578","71.70392608642578","71.70392608642578"
"111","53.17800521850586","53.17800521850586","53.17800521850586","71.20056915283203","71.20056915283203","71.20056915283203","70.8192138671875","70.8192138671875","70.8192138671875","71.89463806152344","71.89463806152344","71.89463806152344"
"112","53.134056091308594","53.134056091308594","53.134056091308594","71.36267852783203","71.36267852783203","71.36267852783203","70.97267150878906","70.97267150878906","70.97267150878906","72.08673095703125","72.08673095703125","72.08673095703125"
"113","53.096275329589844","53.096275329589844","53.096275329589844","71.522705078125","71.522705078125","71.522705078125","71.12451934814453","71.12451934814453","71.12451934814453","72.27839660644531","72.27839660644531","72.27839660644531"
"114","53.07710266113281","53.07710266113281","53.07710266113281","71.6790771484375","71.6790771484375","71.6790771484375","71.27578735351562","71.27578735351562","71.27578735351562","72.4698486328125","72.4698486328125","72.4698486328125"
"115","53.07852554321289","53.07852554321289","53.07852554321289","71.83291625976562","71.83291625976562","71.83291625976562","71.42432403564453","71.42432403564453","71.42432403564453","72.65978240966797","72.65978240966797","72.65978240966797"
"116","53.061279296875","53.061279296875","53.061279296875","71.98457336425781","71.98457336425781","71.98457336425781","71.56944274902344","71.56944274902344","71.56944274902344","72.84904479980469","72.84904479980469","72.84904479980469"
"117","53.04478454589844","53.04478454589844","53.04478454589844","72.13322448730469","72.13322448730469","72.13322448730469","71.7142333984375","71.7142333984375","71.7142333984375","73.03793334960938","73.03793334960938","73.03793334960938"
"118","53.027557373046875","53.027557373046875","53.027557373046875","72.27930450439453","72.27930450439453","72.27930450439453","71.85643005371094","71.85643005371094","71.85643005371094","73.22686767578125","73.22686767578125","73.22686767578125"
"119","53.01148986816406","53.01148986816406","53.01148986816406","72.42280578613281","72.42280578613281","72.42280578613281","71.99620056152344","71.99620056152344","71.99620056152344","73.41604614257812","73.41604614257812","73.41604614257812"
"120","52.99766540527344","52.99766540527344","52.99766540527344","72.56476593017578","72.56476593017578","72.56476593017578","72.13761138916016","72.13761138916016","72.13761138916016","73.60645294189453","73.60645294189453","73.60645294189453"
"121","52.992225646972656","52.992225646972656","52.992225646972656","72.70558166503906","72.70558166503906","72.70558166503906","72.27717590332031","72.27717590332031","72.27717590332031","73.79679870605469","73.79679870605469","73.79679870605469"
"122","52.982093811035156","52.982093811035156","52.982093811035156","72.84172058105469","72.84172058105469","72.84172058105469","72.41305541992188","72.41305541992188","72.41305541992188","73.98535919189453","73.98535919189453","73.98535919189453"
"123","52.952674865722656","52.952674865722656","52.952674865722656","72.97621154785156","72.97621154785156","72.97621154785156","72.54419708251953","72.54419708251953","72.54419708251953","74.1737289428711","74.1737289428711","74.1737289428711"
"124","52.906558990478516","52.906558990478516","52.906558990478516","73.10889434814453","73.10889434814453","73.10889434814453","72.67294311523438","72.67294311523438","72.67294311523438","74.3624496459961","74.3624496459961","74.3624496459961"
"125","52.892635345458984","52.892635345458984","52.892635345458984","73.24229431152344","73.24229431152344","73.24229431152344","72.79817962646484","72.79817962646484","72.79817962646484","74.5501937866211","74.5501937866211","74.5501937866211"
"126","52.88497543334961","52.88497543334961","52.88497543334961","73.37577056884766","73.37577056884766","73.37577056884766","72.92143249511719","72.92143249511719","72.92143249511719","74.73699951171875","74.73699951171875","74.73699951171875"
"127","52.8953971862793","52.8953971862793","52.8953971862793","73.5078125","73.5078125","73.5078125","73.04341888427734","73.04341888427734","73.04341888427734","74.92420959472656","74.92420959472656","74.92420959472656"
"128","52.89375305175781","52.89375305175781","52.89375305175781","73.63778686523438","73.63778686523438","73.63778686523438","73.16223907470703","73.16223907470703","73.16223907470703","75.11126708984375","75.11126708984375","75.11126708984375"
"129","52.891117095947266","52.891117095947266","52.891117095947266","73.76895141601562","73.76895141601562","73.76895141601562","73.2777328491211","73.2777328491211","73.2777328491211","75.29800415039062","75.29800415039062","75.29800415039062"
"130","52.908687591552734","52.908687591552734","52.908687591552734","73.89757537841797","73.89757537841797","73.89757537841797","73.389892578125","73.389892578125","73.389892578125","75.4835205078125","75.4835205078125","75.4835205078125"
"131","52.90205383300781","52.90205383300781","52.90205383300781","74.02528381347656","74.02528381347656","74.02528381347656","73.5008544921875","73.5008544921875","73.5008544921875","75.66822052001953","75.66822052001953","75.66822052001953"
"132","52.89273452758789","52.89273452758789","52.89273452758789","74.1543960571289","74.1543960571289","74.1543960571289","73.6106185913086","73.6106185913086","73.6106185913086","75.85372161865234","75.85372161865234","75.85372161865234"
"133","52.900081634521484","52.900081634521484","52.900081634521484","74.28126525878906","74.28126525878906","74.28126525878906","73.72049713134766","73.72049713134766","73.72049713134766","76.03826141357422","76.03826141357422","76.03826141357422"
"134","52.905460357666016","52.905460357666016","52.905460357666016","74.40850830078125","74.40850830078125","74.40850830078125","73.82933044433594","73.82933044433594","73.82933044433594","76.22303009033203","76.22303009033203","76.22303009033203"
"135","52.921268463134766","52.921268463134766","52.921268463134766","74.53398132324219","74.53398132324219","74.53398132324219","73.93778228759766","73.93778228759766","73.93778228759766","76.40709686279297","76.40709686279297","76.40709686279297"
"136","52.91593933105469","52.91593933105469","52.91593933105469","74.65740966796875","74.65740966796875","74.65740966796875","74.0462646484375","74.0462646484375","74.0462646484375","76.5915298461914","76.5915298461914","76.5915298461914"
"137","52.90961456298828","52.90961456298828","52.90961456298828","74.77949523925781","74.77949523925781","74.77949523925781","74.15347290039062","74.15347290039062","74.15347290039062","76.77642059326172","76.77642059326172","76.77642059326172"
"138","52.894290924072266","52.894290924072266","52.894290924072266","74.90068054199219","74.90068054199219","74.90068054199219","74.25833892822266","74.25833892822266","74.25833892822266","76.96173858642578","76.96173858642578","76.96173858642578"
"139","52.91919708251953","52.91919708251953","52.91919708251953","75.01909637451172","75.01909637451172","75.01909637451172","74.35974884033203","74.35974884033203","74.35974884033203","77.14622497558594","77.14622497558594","77.14622497558594"
"140","52.949275970458984","52.949275970458984","52.949275970458984","75.13645935058594","75.13645935058594","75.13645935058594","74.45918273925781","74.45918273925781","74.45918273925781","77.33062744140625","77.33062744140625","77.33062744140625"
"141","52.983238220214844","52.983238220214844","52.983238220214844","75.24886322021484","75.24886322021484","75.24886322021484","74.55546569824219","74.55546569824219","74.55546569824219","77.51509094238281","77.51509094238281","77.51509094238281"
"142","53.04344177246094","53.04344177246094","53.04344177246094","75.35977172851562","75.35977172851562","75.35977172851562","74.64786529541016","74.64786529541016","74.64786529541016","77.69898986816406","77.69898986816406","77.69898986816406"
"143","53.08067321777344","53.08067321777344","53.08067321777344","75.4697036743164","75.4697036743164","75.4697036743164","74.737548828125","74.737548828125","74.737548828125","77.88333129882812","77.88333129882812","77.88333129882812"
"144","53.13028335571289","53.13028335571289","53.13028335571289","75.5804214477539","75.5804214477539","75.5804214477539","74.82628631591797","74.82628631591797","74.82628631591797","78.06775665283203","78.06775665283203","78.06775665283203"
"145","53.16222381591797","53.16222381591797","53.16222381591797","75.68600463867188","75.68600463867188","75.68600463867188","74.91500091552734","74.91500091552734","74.91500091552734","78.25065612792969","78.25065612792969","78.25065612792969"
"146","53.15129089355469","53.15129089355469","53.15129089355469","75.7863540649414","75.7863540649414","75.7863540649414","75.00182342529297","75.00182342529297","75.00182342529297","78.43443298339844","78.43443298339844","78.43443298339844"
"147","53.146427154541016","53.146427154541016","53.146427154541016","75.88780975341797","75.88780975341797","75.88780975341797","75.08806610107422","75.08806610107422","75.08806610107422","78.61829376220703","78.61829376220703","78.61829376220703"
"148","53.138248443603516","53.138248443603516","53.138248443603516","75.98686218261719","75.98686218261719","75.98686218261719","75.17120361328125","75.17120361328125","75.17120361328125","78.80276489257812","78.80276489257812","78.80276489257812"
"149","53.12616729736328","53.12616729736328","53.12616729736328","76.08212280273438","76.08212280273438","76.08212280273438","75.25340270996094","75.25340270996094","75.25340270996094","78.98673248291016","78.98673248291016","78.98673248291016"
"150","53.13032150268555","53.13032150268555","53.13032150268555","76.17832946777344","76.17832946777344","76.17832946777344","75.33242797851562","75.33242797851562","75.33242797851562","79.17147827148438","79.17147827148438","79.17147827148438"
"151","53.1214599609375","53.1214599609375","53.1214599609375","76.27204895019531","76.27204895019531","76.27204895019531","75.41120147705078","75.41120147705078","75.41120147705078","79.35627746582031","79.35627746582031","79.35627746582031"
"152","53.128543853759766","53.128543853759766","53.128543853759766","76.35880279541016","76.35880279541016","76.35880279541016","75.48722076416016","75.48722076416016","75.48722076416016","79.53892517089844","79.53892517089844","79.53892517089844"
"153","53.10869216918945","53.10869216918945","53.10869216918945","76.43931579589844","76.43931579589844","76.43931579589844","75.56120300292969","75.56120300292969","75.56120300292969","79.72228240966797","79.72228240966797","79.72228240966797"
"154","53.102142333984375","53.102142333984375","53.102142333984375","76.51806640625","76.51806640625","76.51806640625","75.63320922851562","75.63320922851562","75.63320922851562","79.90599060058594","79.90599060058594","79.90599060058594"
"155","53.10670852661133","53.10670852661133","53.10670852661133","76.59658813476562","76.59658813476562","76.59658813476562","75.70186614990234","75.70186614990234","75.70186614990234","80.0875244140625","80.0875244140625","80.0875244140625"
"156","53.102291107177734","53.102291107177734","53.102291107177734","76.66929626464844","76.66929626464844","76.66929626464844","75.76719665527344","75.76719665527344","75.76719665527344","80.27030944824219","80.27030944824219","80.27030944824219"
"157","53.0949821472168","53.0949821472168","53.0949821472168","76.73906707763672","76.73906707763672","76.73906707763672","75.83196258544922","75.83196258544922","75.83196258544922","80.45287322998047","80.45287322998047","80.45287322998047"
"158","53.081077575683594","53.081077575683594","53.081077575683594","76.80586242675781","76.80586242675781","76.80586242675781","75.89649963378906","75.89649963378906","75.89649963378906","80.63683319091797","80.63683319091797","80.63683319091797"
"159","53.03849411010742","53.03849411010742","53.03849411010742","76.86787414550781","76.86787414550781","76.86787414550781","75.95806884765625","75.95806884765625","75.95806884765625","80.81822204589844","80.81822204589844","80.81822204589844"
"160","52.999481201171875","52.999481201171875","52.999481201171875","76.92686462402344","76.92686462402344","76.92686462402344","76.01953125","76.01953125","76.01953125","80.99998474121094","80.99998474121094","80.99998474121094"
"161","52.94691467285156","52.94691467285156","52.94691467285156","76.98297119140625","76.98297119140625","76.98297119140625","76.08141326904297","76.08141326904297","76.08141326904297","81.18189239501953","81.18189239501953","81.18189239501953"
"162","52.90752029418945","52.90752029418945","52.90752029418945","77.0406723022461","77.0406723022461","77.0406723022461","76.14698791503906","76.14698791503906","76.14698791503906","81.36293029785156","81.36293029785156","81.36293029785156"
"163","52.8618049621582","52.8618049621582","52.8618049621582","77.09898376464844","77.09898376464844","77.09898376464844","76.20927429199219","76.20927429199219","76.20927429199219","81.54283142089844","81.54283142089844","81.54283142089844"
"164","52.82809066772461","52.82809066772461","52.82809066772461","77.1544189453125","77.1544189453125","77.1544189453125","76.26786041259766","76.26786041259766","76.26786041259766","81.72160339355469","81.72160339355469","81.72160339355469"
"165","52.800682067871094","52.800682067871094","52.800682067871094","77.20857238769531","77.20857238769531","77.20857238769531","76.32198333740234","76.32198333740234","76.32198333740234","81.89967346191406","81.89967346191406","81.89967346191406"
"166","52.77110290527344","52.77110290527344","52.77110290527344","77.25996398925781","77.25996398925781","77.25996398925781","76.37319946289062","76.37319946289062","76.37319946289062","82.07743835449219","82.07743835449219","82.07743835449219"
"167","52.74272155761719","52.74272155761719","52.74272155761719","77.30767822265625","77.30767822265625","77.30767822265625","76.4221420288086","76.4221420288086","76.4221420288086","82.25483703613281","82.25483703613281","82.25483703613281"
"168","52.7382926940918","52.7382926940918","52.7382926940918","77.34992980957031","77.34992980957031","77.34992980957031","76.46829986572266","76.46829986572266","76.46829986572266","82.43104553222656","82.43104553222656","82.43104553222656"
"169","52.76055908203125","52.76055908203125","52.76055908203125","77.39336395263672","77.39336395263672","77.39336395263672","76.51528930664062","76.51528930664062","76.51528930664062","82.60542297363281","82.60542297363281","82.60542297363281"
"170","52.7650146484375","52.7650146484375","52.7650146484375","77.43295288085938","77.43295288085938","77.43295288085938","76.56088256835938","76.56088256835938","76.56088256835938","82.78055572509766","82.78055572509766","82.78055572509766"
"171","52.7877082824707","52.7877082824707","52.7877082824707","77.46978759765625","77.46978759765625","77.46978759765625","76.60372161865234","76.60372161865234","76.60372161865234","82.9549331665039","82.9549331665039","82.9549331665039"
"172","52.84098434448242","52.84098434448242","52.84098434448242","77.50730895996094","77.50730895996094","77.50730895996094","76.64285278320312","76.64285278320312","76.64285278320312","83.12849426269531","83.12849426269531","83.12849426269531"
"173","52.89314270019531","52.89314270019531","52.89314270019531","77.54324340820312","77.54324340820312","77.54324340820312","76.67868041992188","76.67868041992188","76.67868041992188","83.30038452148438","83.30038452148438","83.30038452148438"
"174","52.96296691894531","52.96296691894531","52.96296691894531","77.58160400390625","77.58160400390625","77.58160400390625","76.70902252197266","76.70902252197266","76.70902252197266","83.47276306152344","83.47276306152344","83.47276306152344"
"175","53.04806900024414","53.04806900024414","53.04806900024414","77.61979675292969","77.61979675292969","77.61979675292969","76.73948669433594","76.73948669433594","76.73948669433594","83.64334869384766","83.64334869384766","83.64334869384766"
"176","53.1422233581543","53.1422233581543","53.1422233581543","77.658935546875","77.658935546875","77.658935546875","76.77029418945312","76.77029418945312","76.77029418945312","83.81434631347656","83.81434631347656","83.81434631347656"
"177","53.225276947021484","53.225276947021484","53.225276947021484","77.69189453125","77.69189453125","77.69189453125","76.79774475097656","76.79774475097656","76.79774475097656","83.98362731933594","83.98362731933594","83.98362731933594"
"178","53.294334411621094","53.294334411621094","53.294334411621094","77.72232818603516","77.72232818603516","77.72232818603516","76.8219223022461","76.8219223022461","76.8219223022461","84.15214538574219","84.15214538574219","84.15214538574219"
"179","53.360435485839844","53.360435485839844","53.360435485839844","77.74600982666016","77.74600982666016","77.74600982666016","76.84490203857422","76.84490203857422","76.84490203857422","84.32113647460938","84.32113647460938","84.32113647460938"
"180","53.393707275390625","53.393707275390625","53.393707275390625","77.76522064208984","77.76522064208984","77.76522064208984","76.86370849609375","76.86370849609375","76.86370849609375","84.48744201660156","84.48744201660156","84.48744201660156"
"181","53.403202056884766","53.403202056884766","53.403202056884766","77.78096008300781","77.78096008300781","77.78096008300781","76.87832641601562","76.87832641601562","76.87832641601562","84.65190887451172","84.65190887451172","84.65190887451172"
"182","53.397117614746094","53.397117614746094","53.397117614746094","77.79788970947266","77.79788970947266","77.79788970947266","76.89611053466797","76.89611053466797","76.89611053466797","84.81648254394531","84.81648254394531","84.81648254394531"
"183","53.39433288574219","53.39433288574219","53.39433288574219","77.81751251220703","77.81751251220703","77.81751251220703","76.9106216430664","76.9106216430664","76.9106216430664","84.98070526123047","84.98070526123047","84.98070526123047"
"184","53.43103790283203","53.43103790283203","53.43103790283203","77.84054565429688","77.84054565429688","77.84054565429688","76.92230224609375","76.92230224609375","76.92230224609375","85.14527893066406","85.14527893066406","85.14527893066406"
"185","53.433868408203125","53.433868408203125","53.433868408203125","77.85890197753906","77.85890197753906","77.85890197753906","76.93558502197266","76.93558502197266","76.93558502197266","85.31008911132812","85.31008911132812","85.31008911132812"
"186","53.42757797241211","53.42757797241211","53.42757797241211","77.8784408569336","77.8784408569336","77.8784408569336","76.9477767944336","76.9477767944336","76.9477767944336","85.47373962402344","85.47373962402344","85.47373962402344"
"187","53.41732406616211","53.41732406616211","53.41732406616211","77.89264678955078","77.89264678955078","77.89264678955078","76.95899200439453","76.95899200439453","76.95899200439453","85.6375732421875","85.6375732421875","85.6375732421875"
"188","53.40088653564453","53.40088653564453","53.40088653564453","77.9104232788086","77.9104232788086","77.9104232788086","76.97123718261719","76.97123718261719","76.97123718261719","85.80113983154297","85.80113983154297","85.80113983154297"
"189","53.393470764160156","53.393470764160156","53.393470764160156","77.92803955078125","77.92803955078125","77.92803955078125","76.98220825195312","76.98220825195312","76.98220825195312","85.9637222290039","85.9637222290039","85.9637222290039"
"190","53.37168502807617","53.37168502807617","53.37168502807617","77.94495391845703","77.94495391845703","77.94495391845703","76.99372100830078","76.99372100830078","76.99372100830078","86.1258544921875","86.1258544921875","86.1258544921875"
"191","53.3658332824707","53.3658332824707","53.3658332824707","77.96251678466797","77.96251678466797","77.96251678466797","77.00491333007812","77.00491333007812","77.00491333007812","86.28768157958984","86.28768157958984","86.28768157958984"
"192","53.36833953857422","53.36833953857422","53.36833953857422","77.97639465332031","77.97639465332031","77.97639465332031","77.01740264892578","77.01740264892578","77.01740264892578","86.4494857788086","86.4494857788086","86.4494857788086"
"193","53.369876861572266","53.369876861572266","53.369876861572266","77.9853286743164","77.9853286743164","77.9853286743164","77.02793884277344","77.02793884277344","77.02793884277344","86.61006164550781","86.61006164550781","86.61006164550781"
"194","53.38948440551758","53.38948440551758","53.38948440551758","77.99616241455078","77.99616241455078","77.99616241455078","77.03832244873047","77.03832244873047","77.03832244873047","86.77049255371094","86.77049255371094","86.77049255371094"
"195","53.39431381225586","53.39431381225586","53.39431381225586","78.00718688964844","78.00718688964844","78.00718688964844","77.0458984375","77.0458984375","77.0458984375","86.93109893798828","86.93109893798828","86.93109893798828"
"196","53.37858963012695","53.37858963012695","53.37858963012695","78.01651763916016","78.01651763916016","78.01651763916016","77.05558013916016","77.05558013916016","77.05558013916016","87.09092712402344","87.09092712402344","87.09092712402344"
"197","53.35112380981445","53.35112380981445","53.35112380981445","78.0169677734375","78.0169677734375","78.0169677734375","77.060791015625","77.060791015625","77.060791015625","87.25035095214844","87.25035095214844","87.25035095214844"
"198","53.327964782714844","53.327964782714844","53.327964782714844","78.02326202392578","78.02326202392578","78.02326202392578","77.06982421875","77.06982421875","77.06982421875","87.41081237792969","87.41081237792969","87.41081237792969"
"199","53.29690933227539","53.29690933227539","53.29690933227539","78.03103637695312","78.03103637695312","78.03103637695312","77.0783462524414","77.0783462524414","77.0783462524414","87.56993103027344","87.56993103027344","87.56993103027344"
"200","53.27852249145508","53.27852249145508","53.27852249145508","78.04081726074219","78.04081726074219","78.04081726074219","77.09014129638672","77.09014129638672","77.09014129638672","87.73037719726562","87.73037719726562","87.73037719726562"
"201","53.27449417114258","53.27449417114258","53.27449417114258","78.04965209960938","78.04965209960938","78.04965209960938","77.09934997558594","77.09934997558594","77.09934997558594","87.88917541503906","87.88917541503906","87.88917541503906"
"202","53.22319412231445","53.22319412231445","53.22319412231445","78.05535125732422","78.05535125732422","78.05535125732422","77.104736328125","77.104736328125","77.104736328125","88.04837036132812","88.04837036132812","88.04837036132812"
"203","53.1690559387207","53.1690559387207","53.1690559387207","78.06180572509766","78.06180572509766","78.06180572509766","77.10505676269531","77.10505676269531","77.10505676269531","88.20661926269531","88.20661926269531","88.20661926269531"
"204","53.121238708496094","53.121238708496094","53.121238708496094","78.07090759277344","78.07090759277344","78.07090759277344","77.10398864746094","77.10398864746094","77.10398864746094","88.36457824707031","88.36457824707031","88.36457824707031"
"205","53.13130187988281","53.13130187988281","53.13130187988281","78.08366394042969","78.08366394042969","78.08366394042969","77.10242462158203","77.10242462158203","77.10242462158203","88.52127075195312","88.52127075195312","88.52127075195312"
"206","53.13162612915039","53.13162612915039","53.13162612915039","78.09413146972656","78.09413146972656","78.09413146972656","77.10305786132812","77.10305786132812","77.10305786132812","88.67644500732422","88.67644500732422","88.67644500732422"
"207","53.158348083496094","53.158348083496094","53.158348083496094","78.10490417480469","78.10490417480469","78.10490417480469","77.0996322631836","77.0996322631836","77.0996322631836","88.82955932617188","88.82955932617188","88.82955932617188"
"208","53.16729736328125","53.16729736328125","53.16729736328125","78.11541748046875","78.11541748046875","78.11541748046875","77.09766387939453","77.09766387939453","77.09766387939453","88.98155212402344","88.98155212402344","88.98155212402344"
"209","53.152339935302734","53.152339935302734","53.152339935302734","78.12042236328125","78.12042236328125","78.12042236328125","77.09794616699219","77.09794616699219","77.09794616699219","89.1332015991211","89.1332015991211","89.1332015991211"
"210","53.133724212646484","53.133724212646484","53.133724212646484","78.12649536132812","78.12649536132812","78.12649536132812","77.10152435302734","77.10152435302734","77.10152435302734","89.28388977050781","89.28388977050781","89.28388977050781"
"211","53.10808563232422","53.10808563232422","53.10808563232422","78.13203430175781","78.13203430175781","78.13203430175781","77.10116577148438","77.10116577148438","77.10116577148438","89.43171691894531","89.43171691894531","89.43171691894531"
"212","53.09006881713867","53.09006881713867","53.09006881713867","78.1380615234375","78.1380615234375","78.1380615234375","77.10359191894531","77.10359191894531","77.10359191894531","89.58204650878906","89.58204650878906","89.58204650878906"
"213","53.07668685913086","53.07668685913086","53.07668685913086","78.13957977294922","78.13957977294922","78.13957977294922","77.10971069335938","77.10971069335938","77.10971069335938","89.73324584960938","89.73324584960938","89.73324584960938"
"214","53.07083511352539","53.07083511352539","53.07083511352539","78.13902282714844","78.13902282714844","78.13902282714844","77.11279296875","77.11279296875","77.11279296875","89.88247680664062","89.88247680664062","89.88247680664062"
"215","53.051490783691406","53.051490783691406","53.051490783691406","78.13269805908203","78.13269805908203","78.13269805908203","77.11723327636719","77.11723327636719","77.11723327636719","90.03190612792969","90.03190612792969","90.03190612792969"
"216","53.03236770629883","53.03236770629883","53.03236770629883","78.12489318847656","78.12489318847656","78.12489318847656","77.11866760253906","77.11866760253906","77.11866760253906","90.17887878417969","90.17887878417969","90.17887878417969"
"217","53.026424407958984","53.026424407958984","53.026424407958984","78.12081146240234","78.12081146240234","78.12081146240234","77.12171173095703","77.12171173095703","77.12171173095703","90.32614135742188","90.32614135742188","90.32614135742188"
"218","53.036380767822266","53.036380767822266","53.036380767822266","78.11617279052734","78.11617279052734","78.11617279052734","77.12369537353516","77.12369537353516","77.12369537353516","90.47107696533203","90.47107696533203","90.47107696533203"
"219","53.04462814331055","53.04462814331055","53.04462814331055","78.10665893554688","78.10665893554688","78.10665893554688","77.12581634521484","77.12581634521484","77.12581634521484","90.61541748046875","90.61541748046875","90.61541748046875"
"220","53.061058044433594","53.061058044433594","53.061058044433594","78.10005187988281","78.10005187988281","78.10005187988281","77.12686157226562","77.12686157226562","77.12686157226562","90.75897216796875","90.75897216796875","90.75897216796875"
"221","53.08640670776367","53.08640670776367","53.08640670776367","78.09611511230469","78.09611511230469","78.09611511230469","77.12449645996094","77.12449645996094","77.12449645996094","90.90008544921875","90.90008544921875","90.90008544921875"
"222","53.11812210083008","53.11812210083008","53.11812210083008","78.09449768066406","78.09449768066406","78.09449768066406","77.11856842041016","77.11856842041016","77.11856842041016","91.03926849365234","91.03926849365234","91.03926849365234"
"223","53.13964080810547","53.13964080810547","53.13964080810547","78.09381103515625","78.09381103515625","78.09381103515625","77.113525390625","77.113525390625","77.113525390625","91.17562103271484","91.17562103271484","91.17562103271484"
"224","53.182682037353516","53.182682037353516","53.182682037353516","78.09446716308594","78.09446716308594","78.09446716308594","77.11021423339844","77.11021423339844","77.11021423339844","91.31158447265625","91.31158447265625","91.31158447265625"
"225","53.218994140625","53.218994140625","53.218994140625","78.09712219238281","78.09712219238281","78.09712219238281","77.10739135742188","77.10739135742188","77.10739135742188","91.44761657714844","91.44761657714844","91.44761657714844"
"226","53.20600509643555","53.20600509643555","53.20600509643555","78.09650421142578","78.09650421142578","78.09650421142578","77.10279846191406","77.10279846191406","77.10279846191406","91.58193969726562","91.58193969726562","91.58193969726562"
"227","53.20524597167969","53.20524597167969","53.20524597167969","78.09976196289062","78.09976196289062","78.09976196289062","77.10184478759766","77.10184478759766","77.10184478759766","91.71739196777344","91.71739196777344","91.71739196777344"
"228","53.183753967285156","53.183753967285156","53.183753967285156","78.1020278930664","78.1020278930664","78.1020278930664","77.1016845703125","77.1016845703125","77.1016845703125","91.85111999511719","91.85111999511719","91.85111999511719"
"229","53.16342544555664","53.16342544555664","53.16342544555664","78.10517883300781","78.10517883300781","78.10517883300781","77.10151672363281","77.10151672363281","77.10151672363281","91.98294067382812","91.98294067382812","91.98294067382812"
"230","53.14494323730469","53.14494323730469","53.14494323730469","78.1099853515625","78.1099853515625","78.1099853515625","77.10369873046875","77.10369873046875","77.10369873046875","92.11609649658203","92.11609649658203","92.11609649658203"
"231","53.14889144897461","53.14889144897461","53.14889144897461","78.11750030517578","78.11750030517578","78.11750030517578","77.10504150390625","77.10504150390625","77.10504150390625","92.24979400634766","92.24979400634766","92.24979400634766"
"232","53.16300964355469","53.16300964355469","53.16300964355469","78.1323471069336","78.1323471069336","78.1323471069336","77.10462188720703","77.10462188720703","77.10462188720703","92.37996673583984","92.37996673583984","92.37996673583984"
"233","53.170127868652344","53.170127868652344","53.170127868652344","78.14637756347656","78.14637756347656","78.14637756347656","77.10337829589844","77.10337829589844","77.10337829589844","92.50958251953125","92.50958251953125","92.50958251953125"
"234","53.18294143676758","53.18294143676758","53.18294143676758","78.15768432617188","78.15768432617188","78.15768432617188","77.10403442382812","77.10403442382812","77.10403442382812","92.63838958740234","92.63838958740234","92.63838958740234"
"235","53.20526123046875","53.20526123046875","53.20526123046875","78.16641998291016","78.16641998291016","78.16641998291016","77.10338592529297","77.10338592529297","77.10338592529297","92.76658630371094","92.76658630371094","92.76658630371094"
"236","53.21249008178711","53.21249008178711","53.21249008178711","78.16818237304688","78.16818237304688","78.16818237304688","77.10614013671875","77.10614013671875","77.10614013671875","92.89420318603516","92.89420318603516","92.89420318603516"
"237","53.219993591308594","53.219993591308594","53.219993591308594","78.16539764404297","78.16539764404297","78.16539764404297","77.10980987548828","77.10980987548828","77.10980987548828","93.02082824707031","93.02082824707031","93.02082824707031"
"238","53.237144470214844","53.237144470214844","53.237144470214844","78.16036987304688","78.16036987304688","78.16036987304688","77.11256408691406","77.11256408691406","77.11256408691406","93.14669799804688","93.14669799804688","93.14669799804688"
"239","53.254207611083984","53.254207611083984","53.254207611083984","78.15585327148438","78.15585327148438","78.15585327148438","77.11939239501953","77.11939239501953","77.11939239501953","93.27164459228516","93.27164459228516","93.27164459228516"
"240","53.26319885253906","53.26319885253906","53.26319885253906","78.15060424804688","78.15060424804688","78.15060424804688","77.12342834472656","77.12342834472656","77.12342834472656","93.39637756347656","93.39637756347656","93.39637756347656"
"241","53.277713775634766","53.277713775634766","53.277713775634766","78.1441879272461","78.1441879272461","78.1441879272461","77.12648010253906","77.12648010253906","77.12648010253906","93.51777648925781","93.51777648925781","93.51777648925781"
"242","53.2952880859375","53.2952880859375","53.2952880859375","78.14423370361328","78.14423370361328","78.14423370361328","77.12943267822266","77.12943267822266","77.12943267822266","93.63909149169922","93.63909149169922","93.63909149169922"
"243","53.278594970703125","53.278594970703125","53.278594970703125","78.14610290527344","78.14610290527344","78.14610290527344","77.13307189941406","77.13307189941406","77.13307189941406","93.76222229003906","93.76222229003906","93.76222229003906"
"244","53.276920318603516","53.276920318603516","53.276920318603516","78.1484146118164","78.1484146118164","78.1484146118164","77.13409423828125","77.13409423828125","77.13409423828125","93.88325500488281","93.88325500488281","93.88325500488281"
"245","53.256683349609375","53.256683349609375","53.256683349609375","78.15035247802734","78.15035247802734","78.15035247802734","77.13442993164062","77.13442993164062","77.13442993164062","94.00321960449219","94.00321960449219","94.00321960449219"
"246","53.23050308227539","53.23050308227539","53.23050308227539","78.15107727050781","78.15107727050781","78.15107727050781","77.13831329345703","77.13831329345703","77.13831329345703","94.123291015625","94.123291015625","94.123291015625"
"247","53.20364761352539","53.20364761352539","53.20364761352539","78.15238952636719","78.15238952636719","78.15238952636719","77.13983154296875","77.13983154296875","77.13983154296875","94.2427978515625","94.2427978515625","94.2427978515625"
"248","53.174678802490234","53.174678802490234","53.174678802490234","78.15315246582031","78.15315246582031","78.15315246582031","77.14080810546875","77.14080810546875","77.14080810546875","94.36272430419922","94.36272430419922","94.36272430419922"
"249","53.15244674682617","53.15244674682617","53.15244674682617","78.1578369140625","78.1578369140625","78.1578369140625","77.13829803466797","77.13829803466797","77.13829803466797","94.48098754882812","94.48098754882812","94.48098754882812"
"250","53.10780334472656","53.10780334472656","53.10780334472656","78.1575927734375","78.1575927734375","78.1575927734375","77.13103485107422","77.13103485107422","77.13103485107422","94.59663391113281","94.59663391113281","94.59663391113281"
"251","53.08637237548828","53.08637237548828","53.08637237548828","78.16287231445312","78.16287231445312","78.16287231445312","77.12373352050781","77.12373352050781","77.12373352050781","94.70999145507812","94.70999145507812","94.70999145507812"
"252","53.03602981567383","53.03602981567383","53.03602981567383","78.1658935546875","78.1658935546875","78.1658935546875","77.1163101196289","77.1163101196289","77.1163101196289","94.821533203125","94.821533203125","94.821533203125"
"253","52.977291107177734","52.977291107177734","52.977291107177734","78.16923522949219","78.16923522949219","78.16923522949219","77.112060546875","77.112060546875","77.112060546875","94.93070983886719","94.93070983886719","94.93070983886719"
"254","52.933143615722656","52.933143615722656","52.933143615722656","78.17447662353516","78.17447662353516","78.17447662353516","77.11078643798828","77.11078643798828","77.11078643798828","95.03927612304688","95.03927612304688","95.03927612304688"
"255","52.92083740234375","52.92083740234375","52.92083740234375","78.1814956665039","78.1814956665039","78.1814956665039","77.11128234863281","77.11128234863281","77.11128234863281","95.14739227294922","95.14739227294922","95.14739227294922"
"256","52.95998001098633","52.95998001098633","52.95998001098633","78.18644714355469","78.18644714355469","78.18644714355469","77.11048889160156","77.11048889160156","77.11048889160156","95.25355529785156","95.25355529785156","95.25355529785156"
"257","52.969749450683594","52.969749450683594","52.969749450683594","78.19111633300781","78.19111633300781","78.19111633300781","77.10808563232422","77.10808563232422","77.10808563232422","95.35650634765625","95.35650634765625","95.35650634765625"
"258","52.99160385131836","52.99160385131836","52.99160385131836","78.19635009765625","78.19635009765625","78.19635009765625","77.10536193847656","77.10536193847656","77.10536193847656","95.45816040039062","95.45816040039062","95.45816040039062"
"259","53.007076263427734","53.007076263427734","53.007076263427734","78.20952606201172","78.20952606201172","78.20952606201172","77.10230255126953","77.10230255126953","77.10230255126953","95.55805969238281","95.55805969238281","95.55805969238281"
"260","53.017757415771484","53.017757415771484","53.017757415771484","78.22171020507812","78.22171020507812","78.22171020507812","77.10030364990234","77.10030364990234","77.10030364990234","95.65682220458984","95.65682220458984","95.65682220458984"
"261","53.05583572387695","53.05583572387695","53.05583572387695","78.23624420166016","78.23624420166016","78.23624420166016","77.09842681884766","77.09842681884766","77.09842681884766","95.75740051269531","95.75740051269531","95.75740051269531"
"262","53.10559844970703","53.10559844970703","53.10559844970703","78.2529296875","78.2529296875","78.2529296875","77.09534454345703","77.09534454345703","77.09534454345703","95.85488891601562","95.85488891601562","95.85488891601562"
"263","53.13580322265625","53.13580322265625","53.13580322265625","78.27130126953125","78.27130126953125","78.27130126953125","77.08595275878906","77.08595275878906","77.08595275878906","95.94864654541016","95.94864654541016","95.94864654541016"
"264","53.164127349853516","53.164127349853516","53.164127349853516","78.29269409179688","78.29269409179688","78.29269409179688","77.07862854003906","77.07862854003906","77.07862854003906","96.04145812988281","96.04145812988281","96.04145812988281"
"265","53.15150833129883","53.15150833129883","53.15150833129883","78.30520629882812","78.30520629882812","78.30520629882812","77.06867980957031","77.06867980957031","77.06867980957031","96.13236236572266","96.13236236572266","96.13236236572266"
"266","53.133853912353516","53.133853912353516","53.133853912353516","78.31163024902344","78.31163024902344","78.31163024902344","77.060302734375","77.060302734375","77.060302734375","96.22118377685547","96.22118377685547","96.22118377685547"
"267","53.12431716918945","53.12431716918945","53.12431716918945","78.31148529052734","78.31148529052734","78.31148529052734","77.05438995361328","77.05438995361328","77.05438995361328","96.30770874023438","96.30770874023438","96.30770874023438"
"268","53.08525466918945","53.08525466918945","53.08525466918945","78.31086730957031","78.31086730957031","78.31086730957031","77.04560852050781","77.04560852050781","77.04560852050781","96.39485168457031","96.39485168457031","96.39485168457031"
"269","53.03579330444336","53.03579330444336","53.03579330444336","78.31101989746094","78.31101989746094","78.31101989746094","77.03814697265625","77.03814697265625","77.03814697265625","96.48008728027344","96.48008728027344","96.48008728027344"
"270","52.98577880859375","52.98577880859375","52.98577880859375","78.31098937988281","78.31098937988281","78.31098937988281","77.03125762939453","77.03125762939453","77.03125762939453","96.56295776367188","96.56295776367188","96.56295776367188"
"271","52.93954086303711","52.93954086303711","52.93954086303711","78.31183624267578","78.31183624267578","78.31183624267578","77.02484893798828","77.02484893798828","77.02484893798828","96.64596557617188","96.64596557617188","96.64596557617188"
"272","52.899024963378906","52.899024963378906","52.899024963378906","78.31180572509766","78.31180572509766","78.31180572509766","77.0232925415039","77.0232925415039","77.0232925415039","96.72932434082031","96.72932434082031","96.72932434082031"
"273","52.85010528564453","52.85010528564453","52.85010528564453","78.30692291259766","78.30692291259766","78.30692291259766","77.02027130126953","77.02027130126953","77.02027130126953","96.81158447265625","96.81158447265625","96.81158447265625"
"274","52.80545425415039","52.80545425415039","52.80545425415039","78.30497741699219","78.30497741699219","78.30497741699219","77.01661682128906","77.01661682128906","77.01661682128906","96.89218139648438","96.89218139648438","96.89218139648438"
"275","52.766357421875","52.766357421875","52.766357421875","78.3038558959961","78.3038558959961","78.3038558959961","77.00997924804688","77.00997924804688","77.00997924804688","96.97301483154297","96.97301483154297","96.97301483154297"
"276","52.731441497802734","52.731441497802734","52.731441497802734","78.30699157714844","78.30699157714844","78.30699157714844","77.00328063964844","77.00328063964844","77.00328063964844","97.052001953125","97.052001953125","97.052001953125"
"277","52.713565826416016","52.713565826416016","52.713565826416016","78.30464172363281","78.30464172363281","78.30464172363281","76.99795532226562","76.99795532226562","76.99795532226562","97.13137817382812","97.13137817382812","97.13137817382812"
"278","52.71501159667969","52.71501159667969","52.71501159667969","78.30328369140625","78.30328369140625","78.30328369140625","76.99437713623047","76.99437713623047","76.99437713623047","97.20835876464844","97.20835876464844","97.20835876464844"
"279","52.72443389892578","52.72443389892578","52.72443389892578","78.30241394042969","78.30241394042969","78.30241394042969","76.98692321777344","76.98692321777344","76.98692321777344","97.28514099121094","97.28514099121094","97.28514099121094"
"280","52.78118133544922","52.78118133544922","52.78118133544922","78.3017349243164","78.3017349243164","78.3017349243164","76.98126220703125","76.98126220703125","76.98126220703125","97.36102294921875","97.36102294921875","97.36102294921875"
"281","52.823081970214844","52.823081970214844","52.823081970214844","78.29674530029297","78.29674530029297","78.29674530029297","76.97615814208984","76.97615814208984","76.97615814208984","97.43408203125","97.43408203125","97.43408203125"
"282","52.862213134765625","52.862213134765625","52.862213134765625","78.29550170898438","78.29550170898438","78.29550170898438","76.97016143798828","76.97016143798828","76.97016143798828","97.5062255859375","97.5062255859375","97.5062255859375"
"283","52.95291519165039","52.95291519165039","52.95291519165039","78.3017807006836","78.3017807006836","78.3017807006836","76.96696472167969","76.96696472167969","76.96696472167969","97.57720947265625","97.57720947265625","97.57720947265625"
"284","53.02017593383789","53.02017593383789","53.02017593383789","78.30830383300781","78.30830383300781","78.30830383300781","76.96246337890625","76.96246337890625","76.96246337890625","97.64855194091797","97.64855194091797","97.64855194091797"
"285","53.10297393798828","53.10297393798828","53.10297393798828","78.31013488769531","78.31013488769531","78.31013488769531","76.95944213867188","76.95944213867188","76.95944213867188","97.71846008300781","97.71846008300781","97.71846008300781"
"286","53.15468978881836","53.15468978881836","53.15468978881836","78.31019592285156","78.31019592285156","78.31019592285156","76.95516204833984","76.95516204833984","76.95516204833984","97.78746795654297","97.78746795654297","97.78746795654297"
"287","53.17837142944336","53.17837142944336","53.17837142944336","78.30828094482422","78.30828094482422","78.30828094482422","76.95154571533203","76.95154571533203","76.95154571533203","97.855712890625","97.855712890625","97.855712890625"
"288","53.22966003417969","53.22966003417969","53.22966003417969","78.30307006835938","78.30307006835938","78.30307006835938","76.94819641113281","76.94819641113281","76.94819641113281","97.9232177734375","97.9232177734375","97.9232177734375"
"289","53.264373779296875","53.264373779296875","53.264373779296875","78.29412841796875","78.29412841796875","78.29412841796875","76.94451904296875","76.94451904296875","76.94451904296875","97.98936462402344","97.98936462402344","97.98936462402344"
"290","53.2900276184082","53.2900276184082","53.2900276184082","78.28646850585938","78.28646850585938","78.28646850585938","76.93912506103516","76.93912506103516","76.93912506103516","98.05473327636719","98.05473327636719","98.05473327636719"
"291","53.29046630859375","53.29046630859375","53.29046630859375","78.27449035644531","78.27449035644531","78.27449035644531","76.9366226196289","76.9366226196289","76.9366226196289","98.11795806884766","98.11795806884766","98.11795806884766"
"292","53.31541061401367","53.31541061401367","53.31541061401367","78.26093292236328","78.26093292236328","78.26093292236328","76.93411254882812","76.93411254882812","76.93411254882812","98.18226623535156","98.18226623535156","98.18226623535156"
"293","53.37416458129883","53.37416458129883","53.37416458129883","78.24984741210938","78.24984741210938","78.24984741210938","76.93132019042969","76.93132019042969","76.93132019042969","98.24725341796875","98.24725341796875","98.24725341796875"
"294","53.415199279785156","53.415199279785156","53.415199279785156","78.23867797851562","78.23867797851562","78.23867797851562","76.92880249023438","76.92880249023438","76.92880249023438","98.31088256835938","98.31088256835938","98.31088256835938"
"295","53.4544677734375","53.4544677734375","53.4544677734375","78.22468566894531","78.22468566894531","78.22468566894531","76.93216705322266","76.93216705322266","76.93216705322266","98.37489318847656","98.37489318847656","98.37489318847656"
"296","53.510501861572266","53.510501861572266","53.510501861572266","78.20951080322266","78.20951080322266","78.20951080322266","76.931884765625","76.931884765625","76.931884765625","98.43577575683594","98.43577575683594","98.43577575683594"
"297","53.59318542480469","53.59318542480469","53.59318542480469","78.19823455810547","78.19823455810547","78.19823455810547","76.92811584472656","76.92811584472656","76.92811584472656","98.49736022949219","98.49736022949219","98.49736022949219"
"298","53.66902542114258","53.66902542114258","53.66902542114258","78.19169616699219","78.19169616699219","78.19169616699219","76.9307861328125","76.9307861328125","76.9307861328125","98.55803680419922","98.55803680419922","98.55803680419922"
"299","53.71855163574219","53.71855163574219","53.71855163574219","78.18490600585938","78.18490600585938","78.18490600585938","76.93498229980469","76.93498229980469","76.93498229980469","98.61750793457031","98.61750793457031","98.61750793457031"